frame, timestamp, AU01_r, AU02_r, AU04_r, AU05_r, AU06_r, AU07_r, AU09_r, AU10_r, AU12_r, AU14_r, AU15_r, AU17_r, AU20_r, AU23_r, AU25_r, AU26_r, AU45_r
1,0,0,0,0,0,1.94876,2.6141,1.52178,3.29537,0,1.62866,1.11779,4.48594,0,0.988311,0,1.5154,1.37989
2,0.0398376,0,0,0,0,1.83699,2.49312,1.56854,2.88588,0,1.65506,0.957997,4.3155,0,0.590663,0,1.32727,1.11486
3,0.0796751,0,0,0,0,1.71838,2.41743,1.54988,2.7143,0,1.35544,0.983557,4.19512,0,0.285505,0,1.12789,0.897201
4,0.119513,0,0,0,0,1.6125,2.42782,1.38036,2.71314,0,0.772388,1.0911,4.45554,0,0.211211,0,0.602189,0.868344
5,0.15935,0,0,0,0,1.62571,2.51897,1.41229,2.90246,0,0.561877,0.903037,4.54747,0,0.239964,0,0.4365,0.824867
6,0.199188,0,0,0,0,1.64871,2.50165,1.45693,2.80732,0,0.57659,0.871734,4.76746,0.0207026,0.413029,0,0.307358,0.878915
7,0.239025,0,0,0,0,1.66508,2.37376,1.56249,2.75919,0,0.65768,0.964635,4.83526,0.0207026,0.49689,0,0.389494,0.844457
8,0.278863,0,0,0,0,1.65459,2.44435,1.44217,2.69667,0,0.549577,0.724502,4.68732,0.0207026,0.609733,0,0.558191,0.81359
9,0.318701,0,0,0,0,1.67236,2.52385,1.35215,2.91309,0,0.756243,0.822748,4.7234,0,0.644039,0,0.630797,0.816278
10,0.358538,0,0,0,0,1.74739,2.73009,1.32681,2.87428,0,0.603717,0.971964,4.74203,0,0.760149,0,0.804195,0.860556
11,0.398376,0,0,0,0,1.75488,2.63109,1.38914,2.75586,0,0.7507,1.29447,4.73598,0,0.724128,0,0.80389,0.902923
12,0.438213,0,0,0,0,1.78059,2.67673,1.35351,2.74694,0,0.500478,0.944412,4.63053,0,0.645066,0,0.772692,0.872094
13,0.478051,0,0,0,0,1.75586,2.63768,1.4566,2.84246,0,0.675854,0.621091,4.6602,0,0.595191,0,0.810106,0.815922
14,0.517888,0,0,0,0,1.74463,2.69341,1.51243,3.01216,0,0.592278,0.533628,4.81447,0,0.480465,0,0.821723,0.805779
15,0.557726,0,0,0,0,1.70593,2.67226,1.56739,2.92915,0.020563,0.673423,0.739535,4.95558,0,0.389495,0,0.603702,0.793037
16,0.597563,0.0431946,0,0,0,1.64644,2.71518,1.45729,2.99398,0.0415965,0.478232,0.922123,4.90886,0.0318942,0.303723,0,0.345368,0.772697
17,0.637401,0.0496857,0,0,0,1.59558,2.75833,1.32813,3.01464,0.0547326,0.295567,0.975978,4.64473,0.0462764,0.211267,0,0.0891808,0.771954
18,0.677239,0.11258,0,0,0,1.53004,2.79844,1.27942,3.14616,0.0341695,0,0.808143,4.35752,0.142383,0.149648,0,0.0891808,0.797384
19,0.717076,0.0693857,0,0,0,1.5327,2.70743,1.22776,3.0525,0.013136,0,0.800022,4.10132,0.243255,0.00160647,0,0.0545657,0.833858
20,0.756914,0.0628946,0,0,0,1.55799,2.5901,1.23091,3.00923,0.0046762,0.085205,0.768243,4.28743,0.228873,0.0208581,0,0.0378068,0.853716
21,0.796751,0.0158228,0,0,0,1.603,2.55597,1.19323,2.99574,0.0046762,0.085205,0.970583,4.37701,0.172978,0.0208581,0,0.0938445,0.845937
22,0.836589,0.0158228,0,0,0,1.61517,2.71379,1.11207,3.01961,0.0046762,0.085205,1.00962,4.53563,0.158109,0.108566,0,0.0938445,0.847238
23,0.876426,0.0158228,0,0,0,1.57375,2.84025,0.992573,2.92576,0.0612213,0,1.4772,4.48081,0.203497,0.0893143,0,0.0560376,0.821777
24,0.916264,0.101889,0,0,0,1.47571,2.9566,0.977314,2.86047,0.0612213,0,1.72157,4.48735,0.319707,0.0893143,0,0,0.773153
25,0.956102,0.165329,0,0,0,1.36786,2.87251,0.987666,2.98801,0.160796,0,1.92249,4.59625,0.268566,0.053452,0,0,0.663784
26,0.995939,0.273562,0,0,0,1.31895,2.94693,1.08492,3.20686,0.160215,0,1.66585,4.67487,0.272971,0.053452,0,0,0.615655
27,1.03578,0.171673,0,0,0,1.32633,2.95087,1.03054,3.26541,0.221036,0,1.78597,4.85525,0.264748,0.0996131,0,0,0.564104
28,1.07561,0.108233,0,0,0,1.38514,2.97568,0.920461,2.97429,0.189821,0,1.83079,4.89065,0.362224,0.0545219,0,0.00958893,0.596393
29,1.11545,0,0,0,0,1.42279,2.90844,0.89221,2.78683,0.177411,0,1.94133,4.9512,0.421248,0.0720489,0,0.168485,0.636336
30,1.15529,0,0,0,0,1.47451,2.89234,0.965218,2.62442,0.11659,0,1.71895,4.92316,0.319823,0.0486945,0,0.168485,0.714175
31,1.19513,0.0358357,0,0,0,1.46949,2.93597,1.08846,2.67679,0.0806993,0,1.5505,4.92316,0.527405,0.0658938,0,0.158896,0.749809
32,1.23496,0.037479,0,0,0.0221638,1.51949,3.03943,1.06818,2.72981,0.130588,0,1.46094,4.96126,0.509499,0.1427,0,0.0171895,0.725122
33,1.2748,0.0529344,0,0,0.0221638,1.50122,3.00299,1.00019,2.72618,0.201522,0,1.50323,4.96031,0.514911,0.172032,0,0.0292443,0.749125
34,1.31464,0.0170987,0,0,0.0221638,1.56183,2.81792,0.930026,2.82252,0.21753,0,1.42347,4.94749,0.147284,0.146471,0,0.0292443,0.778173
35,1.35448,0.0334661,0,0,0,1.56073,2.78673,0.994077,2.77424,0.171856,0,1.5904,4.77524,0.10328,0.0921425,0,0.0120548,0.777272
36,1.39431,0.0180106,0,0,0,1.5977,2.76006,0.991804,2.94492,0.170515,0.0490454,1.62525,4.56408,0.0665416,0.0505704,0,0,0.779659
37,1.43415,0.0334413,0,0,0,1.52202,3.00461,1.09688,2.93657,0.151016,0.0490454,1.61932,4.45078,0.348267,0.0625446,0,0,0.766349
38,1.47399,0.109684,0,0,0,1.47305,2.96773,1.12809,3.01436,0.142453,0.0490454,1.49861,4.36783,0.495341,0.0225403,0,0,0.69317
39,1.51383,0.124358,0,0,0,1.38334,2.90374,1.09636,2.96268,0.0745933,0,1.43005,4.50607,0.556937,0.0119742,0,0,0.613218
40,1.55367,0.182401,0.00237876,0,0,1.28407,2.75452,1.03553,2.99923,0.0456151,0,1.85891,4.42524,0.396321,0,0,0,0.589027
41,1.5935,0.2038,0.00237876,0,0,1.19322,2.72513,0.93325,3.01579,0.00173313,0,2.02608,4.53165,0.431022,0,0,0,0.624771
42,1.63334,0.262155,0.00237876,0,0.047024,1.1819,2.83581,1.06149,3.06498,0,0,2.09099,4.38025,0.505185,0,0,0,0.701244
43,1.67318,0.30453,0,0,0.047024,1.25968,2.85874,1.16209,3.00098,0.0149686,0,1.80715,4.28604,0.461043,0,0,0,0.693338
44,1.71302,0.188878,0,0,0.047024,1.35211,2.96207,1.25503,3.06089,0.0614513,0,1.54175,4.12551,0.23236,0.00149083,0,0,0.739631
45,1.75285,0.115849,0,0,0,1.39805,2.96323,1.1524,2.92509,0.146633,0,1.56793,4.23138,0.126951,0.00149083,0,0,0.727101
46,1.79269,0,0,0,0,1.38968,2.8557,1.02803,2.90102,0.201006,0,1.67595,4.29138,0.097426,0.00149083,0,0,0.752428
47,1.83253,0.0603788,0,0,0,1.34014,2.77102,0.921625,2.848,0.154523,0,1.68325,4.42964,0.12755,0.035328,0,0,0.705741
48,1.87237,0.179351,0,0,0,1.31911,2.78316,0.985753,2.90424,0.0754316,0,1.52617,4.31157,0.167365,0.035328,0,0,0.616125
49,1.9122,0.267881,0,0,0,1.31647,2.80729,1.04173,2.93247,0.0367817,0,1.49437,4.48842,0.118439,0.035328,0,0,0.567413
50,1.95204,0.207502,0,0,0,1.35969,2.83616,1.0664,2.94076,0.0466985,0,1.55472,4.31725,0.0883145,0.0146365,0,0,0.599481
51,1.99188,0.180462,0,0,0,1.33598,2.92373,1.04048,2.9821,0.117955,0,1.80973,4.50108,0.134925,0.0146365,0,0,0.636025
52,2.03172,0.0919327,0,0,0,1.36909,3.08452,1.01877,3.04811,0.117012,0,1.79001,4.36749,0.142239,0.0146365,0,0,0.663843
53,2.07155,0.0919327,0,0,0,1.36675,3.16739,1.05934,2.97389,0.237552,0.00648918,1.92911,4.64724,0.220168,0,0,0,0.69431
54,2.11139,0,0,0,0,1.43518,3.12429,0.971945,2.99417,0.220919,0.00648918,1.82105,4.54898,0.0879477,0.0502859,0,0,0.741151
55,2.15123,0.0918359,0,0,0,1.41121,3.18832,1.0193,3.07286,0.242176,0.00648918,1.85406,4.48732,0.169764,0.0502859,0,0,0.7373
56,2.19107,0.132274,0,0,0,1.39431,3.05603,1.09573,3.08984,0.151451,0,1.77084,4.33462,0.218571,0.0518163,0,0,0.652405
57,2.2309,0.188117,0,0,0,1.35404,2.94183,1.22513,2.98226,0.11769,0,1.82935,4.36654,0.346051,0.00153043,0,0,0.594035
58,2.27074,0.0962812,0,0,0,1.37306,2.80874,1.25081,2.96524,0.0998287,0.0183593,1.62567,4.36459,0.35804,0.00153043,0,0.0915735,0.589588
59,2.31058,0.155089,0,0,0,1.3522,2.83586,1.18841,2.96001,0.0708264,0.0183593,1.65244,4.47058,0.274615,0.0537553,0,0.0915735,0.624854
60,2.35042,0.143447,0,0,0,1.34978,2.84292,1.12974,2.99393,0.0788671,0.0183593,1.42651,4.31757,0.200941,0.151535,0,0.0915735,0.593057
61,2.39025,0.177104,0,0,0,1.33559,2.91007,1.02284,2.92417,0.0806825,0,1.70367,4.40182,0.0971169,0.151535,0,0,0.625833
62,2.43009,0.0778572,0,0,0,1.38721,2.88214,0.983979,2.88624,0.115632,0,1.65224,4.4632,0.141173,0.190013,0,0,0.605328
63,2.46993,0.0336569,0,0,0,1.43765,2.96137,1.03706,2.82944,0.124754,0,1.91995,4.72024,0.388812,0.092233,0,0.119181,0.70635
64,2.50977,0.129054,0,0,0,1.43998,2.9401,1.12327,2.85338,0.10285,0,1.82058,4.67813,0.557352,0.092233,0,0.119181,0.665613
65,2.5496,0.288869,0,0,0,1.36675,2.93851,1.05946,2.92876,0.0763315,0,1.96909,4.72597,0.562806,0,0,0.119181,0.622093
66,2.58944,0.463638,0,0,0,1.27406,2.81603,1.04402,2.95725,0.0538281,0,1.83083,4.56876,0.443561,0,0,0,0.527365
67,2.62928,0.45554,0,0,0,1.23922,2.76935,1.0745,2.81985,0.0674001,0,1.73039,4.65851,0.444458,0,0,0,0.501985
68,2.66912,0.447841,0,0,0,1.228,2.72962,1.1832,2.70132,0.0514564,0,1.73584,4.44277,0.602461,0,0,0,0.541039
69,2.70895,0.464787,0,0,0,1.18671,2.73394,1.06692,2.69327,0.0298435,0,1.78464,4.45568,0.519743,0,0,0,0.560726
70,2.74879,0.534984,0,0,0,1.0919,2.54092,0.985809,2.70327,0.00321587,0,1.68667,4.11544,0.548817,0,0,0,0.47933
71,2.78863,0.629257,0,0,0,1.00459,2.37698,0.909552,2.75591,0,0,1.63152,3.86885,0.404687,0,0,0,0.377639
72,2.82847,0.754229,0,0,0,0.959084,2.21957,0.878088,2.76598,0,0,1.86453,3.81059,0.322654,0.0757233,0,0.0485476,0.2347
73,2.8683,0.787079,0,0,0,0.952433,2.2001,0.845128,2.71538,0,0,2.17298,3.81105,0.446395,0.0760298,0,0.0485476,0.221839
74,2.90814,0.878506,0,0,0,0.949845,2.24021,0.772612,2.71702,0,0,2.28078,4.06,0.50529,0.0760298,0,0.0485476,0.201248
75,2.94798,0.816965,0,0,0.103259,0.926931,2.26062,0.812628,2.61685,0,0,2.04893,4.04448,0.723279,0.000306429,0,0,0.271528
76,2.98782,0.885562,0,0,0.103259,0.931552,2.31499,0.703068,2.531,0,0,2.23248,4.34645,0.626248,0,9.97E-05,0,0.311696
77,3.02766,0.836652,0,0,0.103259,0.908958,2.35551,0.693201,2.34647,0,0,2.2761,4.27599,0.625579,0.0124518,9.97E-05,0,0.32921
78,3.06749,0.930956,0,0,0,0.888948,2.43498,0.731534,2.26968,0,0,2.32617,4.02049,0.513988,0.0196681,9.97E-05,0,0.288293
79,3.10733,0.88581,0,0,0,0.896868,2.53687,0.72519,2.29272,0,0,2.08653,3.88958,0.412237,0.0875753,0,0,0.251456
80,3.14717,0.941534,0,0,0,0.905584,2.6055,0.781665,2.34275,0,0,2.06803,3.85582,0.310976,0.138261,0,0,0.232277
81,3.18701,0.969887,0.153254,0,0.00471191,0.887481,2.42703,0.688134,2.28196,0,0,1.86818,3.93292,0.187128,0.330154,0.00143431,0,0.190765
82,3.22684,1.07938,0.182096,0,0.00471191,0.792799,2.25359,0.613965,2.15796,0,0,1.79894,3.50163,0.063661,0.487751,0.00143431,0,0.118815
83,3.26668,1.07147,0.255737,0,0.00471191,0.745645,2.13219,0.428176,1.96895,0,0,1.56262,3.20501,0.0595724,0.700731,0.00143431,0,0.0522882
84,3.30652,1.02221,0.257807,0,0.039473,0.78592,2.17249,0.419858,1.76455,0,0,1.6919,3.28629,0.262581,0.706727,0,0,0.0166322
85,3.34636,1.01231,0.361002,0,0.039473,0.818905,2.1144,0.38183,1.70772,0,0,1.50116,3.35456,0.308329,0.758327,0,0,0
86,3.38619,1.05834,0.407688,0,0.039473,0.796037,2.0153,0.315031,1.63042,0,0,1.40898,3.25647,0.248757,0.810161,0.00747416,0.128029,0
87,3.42603,1.15692,0.472615,0,0,0.750198,1.99428,0.295574,1.8136,0,0,1.36312,3.18108,0.0654522,0.904502,0.0610495,0.128029,0
88,3.46587,1.08483,0.340577,0,0,0.73272,1.93432,0.412142,1.7899,0,0,1.54809,3.42954,0.137795,0.897906,0.0610495,0.128029,0
89,3.50571,1.00712,0.224062,0,0,0.752611,1.86031,0.61328,1.90195,0,0,1.65127,3.80492,0.207051,0.833713,0.0876175,0,0
90,3.54554,0.94905,0.0908266,0,0,0.769934,1.96187,0.59778,1.81999,0,0,1.57669,3.88613,0.225686,0.751181,0.0473961,0,0
91,3.58538,1.05819,0.162454,0,0,0.747495,2.02505,0.440272,1.86568,0,0,1.53714,3.71913,0.133819,0.850198,0.0473961,0.256603,0
92,3.62522,1.06473,0.199854,0,0,0.729473,2.0682,0.387726,1.71798,0,0,1.3861,3.119,0.0645635,0.924113,0.0564622,0.256603,0
93,3.66506,1.08784,0.158502,0,0,0.668573,1.82775,0.332369,1.69074,0,0,1.4162,3.02838,0.0262245,1.05326,0.0431083,0.284042,0
94,3.70489,1.00321,0.181235,0,0,0.676348,1.78121,0.334728,1.71931,0,0,1.40069,3.0381,0,0.939598,0.0431083,0.0274389,0
95,3.74473,1.01733,0.231481,0,0,0.649452,1.7013,0.306213,1.75821,0,0,1.48263,3.40283,0,0.897404,0.031921,0.0274389,0
96,3.78457,0.970294,0.28911,0,0,0.708278,1.91168,0.403691,1.80894,0,0,1.35455,3.44336,0.0122718,0.783692,0.031921,0,0
97,3.82441,0.963364,0.239595,0,0,0.743208,1.89232,0.545589,1.78308,0,0,1.41385,3.4658,0.083475,0.823195,0.0601421,0.0368992,0
98,3.86424,0.948517,0.187217,0,0,0.780645,1.90638,0.589053,1.9619,0,0,1.60873,3.38572,0.083475,0.810278,0.0282212,0.127666,0.00707334
99,3.90408,0.991969,0.129058,0,0,0.7527,1.8485,0.565999,1.81611,0,0,1.84854,3.21715,0.0712033,0.805748,0.0282212,0.127666,0.0207574
100,3.94392,1.01185,0.166064,0,0,0.743433,1.85762,0.569897,1.8463,0,0,1.74728,3.31755,0,0.785686,0.062769,0.0907669,0.0291394
101,3.98376,1.0418,0.233924,0,0,0.750295,1.95605,0.544196,1.76876,0,0,1.66734,3.48524,0,0.678634,0.062769,0.167123,0.0279135
102,4.02359,1.00365,0.264241,0,0,0.727254,2.01417,0.463397,1.85498,0,0,1.54189,3.62127,0,0.747604,0.0700167,0.220269,0.0404772
103,4.06343,1.00014,0.254849,0,0,0.72123,2.1468,0.431758,1.83566,0,0,1.50515,3.51807,0,0.721101,0.0222027,0.220269,0.0320951
104,4.10327,0.962141,0.176966,0,0,0.723606,2.12764,0.447984,1.76807,0,0,1.43976,3.41085,0,0.730602,0.0222027,0.0531463,0.0262477
105,4.14311,0.897405,0.112555,0,0,0.758187,2.08557,0.572885,1.81498,0,0,1.59953,3.39693,0,0.658786,0.014955,0.0430344,0.0172905
106,4.18294,0.870905,0.0400934,0,0,0.738195,2.08284,0.618979,1.72766,0,0,1.57518,3.38983,0,0.610604,0,0.0430344,0.0244803
107,4.22278,0.917925,0.0372991,0,0,0.747588,2.18717,0.672585,1.71113,0,0,1.66788,3.43813,0,0.663993,0,0.0951799,0.0244803
108,4.26262,0.941038,0.0657993,0,0,0.77157,2.21413,0.667507,1.7917,0,0,1.41566,3.49938,0,0.678205,0,0.0521455,0.00718981
109,4.30246,1.04657,0.189252,0,0,0.779463,2.18524,0.649387,1.93062,0,0,1.43325,3.56159,0.058796,0.743457,0,0.0521455,0
110,4.34229,1.10567,0.229735,0,0,0.758636,2.21862,0.625684,1.97082,0,0,1.21102,3.58891,0.058796,0.690635,0,0,0
111,4.38213,1.17842,0.268607,0,0,0.729317,2.15965,0.619544,1.9522,0,0,1.30221,3.63965,0.058796,0.778053,0.00309784,0,0
112,4.42197,1.06745,0.145155,0,0,0.725736,2.12619,0.532425,1.7743,0,0,1.36567,3.62717,0,0.758281,0.00309784,0,0
113,4.46181,0.980831,0.126584,0,0,0.714323,2.03861,0.513845,1.74405,0,0,1.51253,3.60651,0,0.832686,0.00309784,0.011092,0
114,4.50164,0.948385,0.048174,0,0,0.754802,2.17211,0.589373,1.79054,0,0,1.72139,3.59297,0.145659,0.720797,0,0.011092,0
115,4.54148,1.03474,0.156474,0,0.0143716,0.717443,2.28635,0.638443,1.90631,0,0,1.86349,3.64377,0.145659,0.747333,0,0.011092,0
116,4.58132,1.0577,0.148357,0,0.0143716,0.734886,2.37237,0.60346,1.89514,0,0,1.92254,3.64198,0.145659,0.749158,0,0,0
117,4.62116,1.0056,0.173805,0,0.0143716,0.696396,2.19551,0.464862,1.78311,0,0,1.71119,3.40531,0,0.815912,0,0,0
118,4.661,0.982245,0.14664,0,0,0.725518,2.09513,0.495657,1.85251,0,0,1.5123,3.31223,0,0.823094,0,0,0
119,4.70083,0.945071,0.191576,0,0.0289375,0.747743,2.0759,0.512901,1.94669,0,0,1.44836,3.26925,0,0.713592,0,0,0.0470991
120,4.74067,0.910238,0.19923,0,0.0289375,0.785008,2.24805,0.593543,1.93521,0,0,1.45494,3.2515,0.0700071,0.615532,0.00652384,0,0.0916337
121,4.78051,0.905983,0.236317,0,0.0289375,0.790036,2.14381,0.621624,1.83606,0,0,1.47532,3.37193,0.0791594,0.610738,0.0931891,0,0.0916337
122,4.82035,0.924441,0.214362,0,0,0.773609,1.91616,0.642365,1.82661,0,0,1.42279,3.5472,0.124508,0.787333,0.0931891,0,0.0445346
123,4.86018,0.952663,0.262847,0,0,0.743381,1.77667,0.573282,1.80871,0,0,1.37313,3.56715,0.171778,0.908297,0.102793,0,0
124,4.90002,0.970484,0.255556,0,0,0.770105,1.99544,0.494277,1.8479,0,0,1.57722,3.49253,0.162626,0.875636,0.0161282,0,0
125,4.93986,0.978684,0.283928,0,0,0.782525,2.22922,0.366056,1.85387,0,0,1.6821,3.42386,0.263284,0.872456,0.0161282,0,0
126,4.9797,0.838491,0.259407,0.723114,0,0.8507,1.89445,0.231389,1.66,0.288384,0.0529839,1.2544,2.43472,0.146006,0.568084,0.82319,0.862574,0.266431
127,5.01953,0.592573,0.148476,1.49764,0,0.866851,1.52393,0.0955934,1.45026,0.648558,0.11163,0.587551,1.2724,0.146006,0.325721,1.67325,1.78873,0.513279
128,5.05937,0.434548,0.0570676,2.2108,0,0.851306,1.10668,0.0254656,1.21243,1.04029,0.259551,0,0.0808798,0,0,2.42432,2.64877,0.695752
129,5.09921,0.536825,0,2.16278,0,0.740168,1.08651,0.00355482,1.19888,1.1338,0.362609,0,0,0,0.00651817,2.40832,2.56809,0.548999
130,5.13905,0.748149,0,1.9681,0,0.64696,0.904721,0.00355482,1.12421,1.17679,0.455485,0,0.0268654,0,0.030943,2.30407,2.41211,0.391355
131,5.17888,0.915211,0,1.84206,0,0.578719,0.830379,0,1.09054,1.16884,0.517467,0,0.0270338,0,0.0389425,2.20007,2.30912,0.260735
132,5.21872,1.02809,0,1.78219,0,0.544523,0.766826,0,1.06636,1.16886,0.578842,0,0.0270338,0,0.0390046,2.07973,2.24918,0.16467
133,5.25856,1.0727,0,1.8155,0,0.501058,0.792569,0,1.05606,1.12871,0.654864,0,0.0267708,0,0.0317585,2.02472,2.16506,0.0981317
134,5.2984,1.12659,0,1.87336,0,0.466792,0.775417,0,1.04047,1.11924,0.679241,0,0.0540121,0,0.0369952,2.07576,2.08131,0.0705218
135,5.33823,1.12443,0,1.86929,0,0.467052,0.709244,0,1.064,1.12361,0.703723,0,0.0958913,0,0.0374123,2.04432,2.02961,0.0636265
136,5.37807,1.13222,0,1.83874,0,0.478584,0.615193,0,1.08675,1.14102,0.700212,0,0.108708,0,0.0303682,2.01562,2.00031,0.0453973
137,5.41791,1.05927,0,1.76173,0,0.493216,0.583908,0,1.1017,1.13964,0.704471,0,0.0948891,0,0.0206756,1.97056,1.95991,0.0319226
138,5.45775,1.07816,0.0149595,1.72987,0,0.46911,0.602664,0.0123271,1.07052,1.13516,0.692597,0,0.0660875,0,0.0266746,1.92896,1.99846,0.0152046
139,5.49758,1.04516,0.0149595,1.72538,0,0.466541,0.647036,0.02263,1.04042,1.12865,0.692908,0,0.0266688,0,0.0186499,1.88559,1.98004,0.0107686
140,5.53742,1.09995,0.0149595,1.73109,0,0.464411,0.610392,0.02263,1.0151,1.14194,0.640469,0,0.0130776,0,0.0163318,1.86031,1.99452,0
141,5.57726,1.08224,0,1.71025,0,0.462206,0.655404,0.0133124,1.00931,1.1383,0.6058,0,0.0104817,0,0.00550161,1.88834,1.9186,0
142,5.6171,1.09561,0,1.70103,0,0.458234,0.665818,0.0103626,1.00494,1.14148,0.584203,0,0.0114275,0,0.0037353,1.90099,1.91485,0
143,5.65693,1.0804,0,1.69593,0,0.446155,0.679822,0.0103626,0.98591,1.13413,0.600159,0,0.0114275,0,0.00790328,1.89698,1.91096,0
144,5.69677,1.08084,0,1.70245,0,0.447803,0.688876,0.00735308,0.982784,1.13159,0.609848,0,0.000945874,0,0.00696984,1.88916,1.91819,0
145,5.73661,1.09189,0,1.7064,0,0.446388,0.689611,0.00489142,0.997615,1.13366,0.609275,0,0,0,0.00799228,1.89296,1.90973,0
146,5.77645,1.09496,0,1.70954,0,0.450642,0.684989,0.00836341,1.0098,1.13541,0.60175,0,0,0,0.00259901,1.8826,1.91618,0
147,5.81628,1.09638,0,1.71243,0,0.460647,0.641636,0.0112971,0.980507,1.14484,0.581935,0,0,0,0.00136624,1.90222,1.93829,0
148,5.85612,1.08655,0,1.70393,0,0.465457,0.66535,0.0064057,0.973038,1.14556,0.579275,0,0.00373574,0,0.00142982,1.89095,1.93898,0.00281768
149,5.89596,1.06822,0,1.69444,0,0.461768,0.722045,0.00463405,0.984729,1.14073,0.585803,0,0.0146921,0,0.0079819,1.91573,1.91044,0.00281768
150,5.9358,1.0608,0,1.6882,0,0.450424,0.748914,0.00170035,1.0128,1.13431,0.590782,0,0.019906,0,0.012564,1.88261,1.87698,0.00281768
151,5.97563,1.07423,0,1.69712,0,0.453554,0.664766,0.00170035,0.997666,1.13913,0.578101,0,0.0161702,0,0.0111481,1.92493,1.90662,0
152,6.01547,1.09367,0,1.68499,0,0.455296,0.644079,0,0.981089,1.14466,0.570015,0,0.00521389,0,0.00848645,1.93008,1.91838,0
153,6.05531,1.08422,0,1.69311,0,0.453444,0.660949,0.00189619,0.985101,1.14325,0.574594,0,0.00413551,0,0.00633885,1.95426,1.92264,0
154,6.09515,1.08003,0,1.69266,0,0.438317,0.726404,0.00518325,1.00952,1.13312,0.591027,0,0.00492948,0,0.00883473,1.93152,1.89721,0.00323571
155,6.13499,1.08905,0,1.71997,0,0.436185,0.723425,0.00518325,1.01688,1.13205,0.596968,0,0.0254301,0,0.0116207,1.91183,1.89638,0.0057557
156,6.17482,1.1175,0.0110037,1.72578,0,0.430743,0.664884,0.00328705,1.01162,1.13442,0.600954,0,0.0234451,0,0.0183879,1.89888,1.88901,0.0058285
157,6.21466,1.12317,0.0110037,1.72593,0,0.441889,0.651614,0.000334057,1.01258,1.13808,0.58834,0,0.0265091,0,0.0182901,1.88453,1.8947,0.00475447
158,6.2545,1.12164,0.0110037,1.71129,0,0.445778,0.626953,0.000334057,1.00238,1.1461,0.582017,0,0.00600854,0,0.0121994,1.91192,1.91476,0.00223448
159,6.29434,1.08916,0,1.70697,0,0.457911,0.709303,0.00292108,0.989922,1.14389,0.58005,0,0.00385801,0,0.00483147,1.9112,1.92327,0.00223516
160,6.33417,1.09106,0,1.7082,0,0.455041,0.669536,0.00258703,0.970563,1.149,0.58347,0,0,0,0.00468148,1.91411,1.94134,7.35E-05
161,6.37401,1.07144,0,1.71848,0,0.455056,0.71444,0.00258703,0.979542,1.14073,0.59032,0,0.00109799,0,0.00593978,1.88721,1.92696,7.35E-05
162,6.41385,1.10445,0,1.7093,0,0.453407,0.657106,0,0.982926,1.14879,0.579387,0,0.00109799,0,0.00601342,1.8935,1.93703,0
163,6.45369,1.09435,0,1.70683,0,0.453258,0.702509,0.00241371,1.00221,1.14433,0.582737,0,0.00109799,0,0.00500486,1.88198,1.91682,0
164,6.49352,1.09234,0,1.70726,0,0.454845,0.6608,0.00529568,1.00379,1.1445,0.591093,0,0,0,0.00619241,1.87991,1.9173,0
165,6.53336,1.08887,0,1.71691,0,0.458825,0.632841,0.00529568,0.992539,1.14908,0.59126,0,0,0,0.00885135,1.90094,1.94778,0
166,6.5732,1.08981,0,1.69812,0,0.454374,0.648952,0.00803707,0.985312,1.15661,0.598222,0,0,0,0.0102829,1.92493,1.95963,0
167,6.61304,1.10379,0,1.68749,0,0.451317,0.686573,0.0051551,0.984339,1.15343,0.600516,0,0.00988359,0,0.0133216,1.9364,1.95116,0
168,6.65287,1.097,0,1.68756,0,0.449044,0.763261,0.00610432,1.00341,1.14417,0.614105,0,0.0134643,0,0.00875525,1.89173,1.9283,0
169,6.69271,1.08789,0,1.69998,0,0.453304,0.71065,0.00386757,1.00397,1.13419,0.609475,0,0.0155127,0,0.0126294,1.88833,1.90502,0
170,6.73255,1.09677,0,1.70298,0,0.461526,0.657162,0.00386757,0.984936,1.14172,0.596446,0,0.00562914,0,0.00655914,1.90557,1.93728,0
171,6.77239,1.08969,0,1.69635,0,0.458379,0.585041,0.00291835,0.973202,1.14335,0.590157,0,0.00226402,0,0.0105451,1.93274,1.91714,0
172,6.81222,1.11221,0,1.70461,0,0.455944,0.632645,0.00379214,0.986005,1.14925,0.591187,0,0.000215555,0,0.00502728,1.91985,1.93136,0
173,6.85206,1.11101,0,1.7002,0,0.452597,0.605281,0.00379214,0.996904,1.14897,0.574197,0,0.000215555,0,0.0116025,1.91072,1.90956,0
174,6.8919,1.11792,0,1.69348,0,0.45903,0.664996,0.00379214,1.00586,1.15523,0.587569,0,0,0,0.00761646,1.91986,1.91652,0
175,6.93174,1.09585,0,1.6812,0,0.458335,0.633248,0,0.997501,1.15053,0.58633,0,0,0,0.00885073,1.93692,1.89695,0
176,6.97157,1.10393,0,1.69788,0,0.457502,0.713457,0,1.0104,1.14776,0.615997,0,0,0,0.00539585,1.9247,1.88621,0.0024114
177,7.01141,1.09762,0,1.71094,0,0.453164,0.674906,0.00135298,1.00688,1.1377,0.604827,0,0,0,0.00976217,1.88649,1.8894,0.0024114
178,7.05125,1.13211,0,1.70784,0,0.448905,0.626291,0.00135298,1.0089,1.13426,0.61309,0,0.00753924,0,0.00748662,1.88435,1.89392,0.0024114
179,7.09109,1.11037,0,1.68334,0,0.443865,0.619053,0.00135298,1.00649,1.13184,0.604683,0,0.0123025,0,0.00999848,1.8876,1.89617,0.00311717
180,7.13092,1.11795,0,1.66142,0,0.435866,0.624108,0,0.999714,1.13726,0.599612,0,0.0123025,0,0.0058244,1.91167,1.90121,0.00311717
181,7.17076,1.09481,0,1.66272,0,0.43628,0.699069,0.00297992,1.00635,1.13767,0.599021,0,0.00480057,0,0.00716649,1.91408,1.90237,0.00311717
182,7.2106,1.103,0,1.67644,0,0.441801,0.687154,0.00413877,0.993692,1.13929,0.592294,0,0.000109255,0,0.0022999,1.90686,1.90967,0
183,7.25044,1.09121,0,1.695,0,0.44629,0.687489,0.00413877,1.00937,1.13274,0.595601,0,0.00132547,0,0.00466679,1.90011,1.89906,0
184,7.29027,1.10473,0,1.699,0,0.447462,0.641843,0.00115885,0.99871,1.13308,0.571281,0,0.0117342,0,0.00826031,1.88454,1.89804,0.00161368
185,7.33011,1.11199,0,1.69536,0,0.439356,0.627483,0,1.01111,1.13045,0.582495,0,0.0135198,0,0.0112221,1.8916,1.90215,0.00266993
186,7.36995,1.13211,0,1.69525,0,0.441515,0.611933,0,1.01522,1.13128,0.577406,0,0.0222063,0,0.0153439,1.90119,1.90342,0.00704365
187,7.40979,1.1315,0,1.70417,0,0.445709,0.615318,0,1.015,1.13412,0.592475,0,0.0240367,0,0.0161424,1.90258,1.90975,0.00780817
188,7.44962,1.11297,0,1.70418,0,0.451179,0.647185,0.00105352,1.02138,1.13768,0.586842,0,0.0284869,0,0.0162749,1.90362,1.89779,0.00675192
189,7.48946,1.10292,0.00384947,1.7072,0,0.453324,0.667436,0.00335065,1.0211,1.14209,0.59065,0,0.0210251,0,0.018034,1.89423,1.90504,0.0023782
190,7.5293,1.09598,0.00384947,1.70805,0,0.454368,0.68044,0.00683555,1.01471,1.14002,0.576516,0,0.0112836,0,0.0122999,1.88579,1.90769,0
191,7.56914,1.08489,0.00384947,1.70336,0,0.453385,0.652842,0.00578203,1.0139,1.13794,0.567857,0,0.00497567,0,0.0132779,1.88151,1.90997,0
192,7.60898,1.07454,0,1.68696,0,0.448173,0.65567,0.0034849,0.998044,1.13954,0.561675,0,0.00489301,0,0.00544829,1.88205,1.91438,0.000467483
193,7.64881,1.05434,0,1.68281,0,0.444773,0.665992,0.00993587,1.0036,1.14471,0.583729,0,0.00235815,0,0.00972052,1.89349,1.91497,0.000467483
194,7.68865,1.07105,0,1.6915,0,0.443834,0.664638,0.0133719,1.00257,1.1473,0.595509,0,0.00894134,0,0.0075388,1.88727,1.91753,0.00413527
195,7.72849,1.07657,0,1.70399,0,0.442539,0.6664,0.0133719,1.00626,1.1384,0.612711,0,0.0202419,0,0.0135636,1.89062,1.88339,0.00366986
196,7.76833,1.08926,0,1.71016,0,0.44112,0.676771,0.00889897,1.00467,1.13144,0.615922,0,0.0299343,0,0.0153032,1.89552,1.86759,0.00366986
197,7.80816,1.09558,0,1.70228,0,0.43955,0.690517,0.00546297,0.997388,1.13051,0.610394,0,0.0354988,0,0.0179719,1.90069,1.85784,0.0014843
198,7.848,1.1183,0,1.69048,0,0.434221,0.682036,0.00546297,1.00414,1.13268,0.61122,0,0.0261011,0,0.0169846,1.89776,1.88074,0.00215148
199,7.88784,1.11777,0,1.67496,0,0.437647,0.67219,0,1.00542,1.13764,0.599944,0,0.0225285,0,0.0181454,1.89362,1.88695,0.0049133
200,7.92768,1.1071,0,1.68046,0,0.438485,0.699781,0.00104783,1.00663,1.13513,0.603166,0,0.0177106,0,0.0178812,1.90797,1.88505,0.00343108
201,7.96751,1.09085,0,1.6901,0,0.451463,0.640698,0.00104783,1.00252,1.14467,0.573218,0,0.02031,0,0.0122331,1.91677,1.89562,0.00276182
202,8.00735,1.09274,0,1.69095,0,0.45061,0.654537,0.00903124,1.00501,1.14345,0.568739,0,0.0167832,0,0.0116186,1.9124,1.90062,0
203,8.04719,1.09948,0,1.69602,0,0.457,0.609577,0.00798341,0.992544,1.14563,0.562245,0,0.0109106,0,0.00790518,1.90782,1.9055,0
204,8.08703,1.08819,0,1.70235,0,0.462148,0.63772,0.00798341,0.992012,1.15094,0.584897,0,0.00405024,0,0.00790518,1.92401,1.92644,0
205,8.12686,1.10027,0,1.71501,0,0.463889,0.601127,0.00504846,0.981282,1.15304,0.591145,0,0.00439599,0,0.00134719,1.91679,1.9319,0
206,8.1667,1.09846,0,1.70613,0,0.455289,0.622394,0.0064231,0.990409,1.15142,0.600963,0,0.00293869,0,0.00826845,1.9076,1.92413,0
207,8.20654,1.10047,0,1.7049,0,0.446799,0.669746,0.0156403,0.987633,1.13587,0.611424,0,0.00293869,0,0.015316,1.87191,1.89399,0
208,8.24638,1.08887,0,1.71065,0,0.445023,0.702251,0.0158073,1.00107,1.13494,0.610421,0,0.00154698,0,0.0181042,1.88761,1.8949,0
209,8.28621,1.08357,0,1.72087,0,0.451974,0.665281,0.0144327,0.99522,1.13498,0.601348,0,0.00154698,0,0.0117504,1.87247,1.93062,0
210,8.32605,1.09155,0,1.71736,0,0.448364,0.677048,0.00521547,1.00144,1.13442,0.599876,0,0.00589157,0,0.00840339,1.90155,1.91258,0
211,8.36589,1.09417,0,1.70925,0,0.448434,0.639702,0,0.985605,1.13244,0.596956,0,0.00434459,0,0.00734482,1.87805,1.92536,0
212,8.40573,1.10069,0,1.70979,0,0.446393,0.640273,0,0.988577,1.14123,0.582291,0,0.00681684,0,0.00543016,1.90083,1.92085,0
213,8.44556,1.08049,0,1.71821,0,0.446673,0.621237,0.00656885,0.987219,1.14664,0.583009,0,0.00247225,0,0.00775153,1.88325,1.92717,0
214,8.4854,1.07504,0,1.70961,0,0.446273,0.660386,0.00656885,1.00152,1.14684,0.596542,0,0.00247225,0,0.00895583,1.90044,1.9161,0
215,8.52524,1.07733,0,1.71032,0,0.447652,0.657075,0.00656885,1.00126,1.14219,0.602038,0,0.00367082,0,0.00917057,1.90156,1.90296,0
216,8.56508,1.11101,0,1.7053,0,0.461569,0.648532,0,0.995049,1.14611,0.583069,0,0.00367082,0,0.00314865,1.9262,1.92743,0
217,8.60491,1.11095,0,1.6996,0,0.462906,0.642835,0,0.999122,1.1486,0.571384,0,0.00696331,0,0.00219707,1.91978,1.93356,0
218,8.64475,1.13092,0,1.69756,0,0.466452,0.667543,0,0.998887,1.14904,0.580397,0,0.00329249,0,0.00198233,1.94151,1.94808,0
219,8.68459,1.11987,0,1.68468,0,0.457649,0.716846,0,1.00531,1.14323,0.590989,0,0.00329249,0,0.00673368,1.89989,1.94178,0
220,8.72443,1.12137,0,1.68885,0,0.456198,0.728656,0.00280683,1.0025,1.1377,0.596052,0,0,0,0.00475135,1.91495,1.92338,0
221,8.76426,1.09497,0,1.68329,0,0.449818,0.737527,0.00280683,1.00745,1.13133,0.595179,0,0.0089443,0,0.0094582,1.88923,1.89544,0.00185578
222,8.8041,1.09471,0,1.68083,0,0.447454,0.717037,0.00280683,1.0114,1.12862,0.598677,0,0.0089443,0,0.00470685,1.89747,1.89263,0.00185578
223,8.84394,1.09226,0,1.68342,0,0.445883,0.694346,0,1.00608,1.13132,0.593025,0,0.0089443,0,0.00742306,1.88954,1.89543,0.00185578
224,8.88378,1.08433,0,1.70271,0,0.445245,0.675532,0.00731662,1.00397,1.12904,0.603256,0,0,0,0.00550566,1.88549,1.89846,0
225,8.92361,1.09792,0,1.72556,0,0.448935,0.601835,0.00731662,0.995651,1.13707,0.588821,0,0.000232759,0,0.00550566,1.91027,1.90237,0
226,8.96345,1.1033,0,1.72022,0,0.449854,0.617763,0.0078504,0.992697,1.13973,0.589015,0,0.00347896,0,0.00309304,1.91303,1.91526,0
227,9.00329,1.10648,0,1.69014,0,0.445152,0.666578,0.00415998,1.00604,1.1412,0.591238,0,0.00347896,0,0.00278827,1.91942,1.91796,0
228,9.04313,1.09381,0,1.68651,0,0.448166,0.707097,0.00854371,1.00343,1.13686,0.602041,0,0.0032462,0,0.00474893,1.91241,1.91254,0
229,9.08297,1.08972,0,1.69591,0,0.451213,0.726689,0.00800994,1.01331,1.13537,0.612063,0,0,0,0.00513634,1.91704,1.90336,0
230,9.1228,1.09698,0,1.70125,0,0.45767,0.707479,0.00438374,0.997243,1.14311,0.60803,0,0,0,0.00604588,1.92574,1.89754,0
231,9.16264,1.10889,0,1.68666,0,0.452447,0.69366,0,0.993635,1.14602,0.6031,0,0,0,0.00408522,1.94374,1.90537,0
232,9.20248,1.11023,0,1.68608,0,0.448322,0.653942,0,0.993344,1.14961,0.59851,0,0,0,0.00977031,1.91751,1.91372,0
233,9.24232,1.10609,0,1.68473,0,0.445435,0.657283,0.00156336,1.00747,1.14211,0.591415,0,0.00565584,0,0.00912547,1.91886,1.9067,0
234,9.28215,1.08507,0,1.69669,0,0.446559,0.654448,0.00733973,1.00703,1.13627,0.593237,0,0.00565584,0,0.00917567,1.87604,1.91813,0
235,9.32199,1.0847,0,1.69011,0,0.447717,0.679565,0.0101142,1.01021,1.13243,0.594156,0,0.00565584,0,0.00309806,1.89983,1.91442,0
236,9.36183,1.09834,0,1.69556,0,0.451351,0.619983,0.00855089,0.995006,1.14399,0.580422,0,0,0,0.00536029,1.89145,1.94387,0
237,9.40167,1.09236,0,1.69336,0,0.452832,0.679107,0.00816221,0.995703,1.14418,0.587168,0,0.00369537,0,0.0063224,1.90647,1.91819,0
238,9.4415,1.09357,0,1.69537,0,0.450123,0.667197,0.00943952,0.986819,1.14498,0.591016,0,0.00375527,0,0.0107075,1.8998,1.91219,0
239,9.48134,1.09046,0,1.69403,0,0.450332,0.690283,0.00943952,0.992622,1.14267,0.595463,0,0.00375527,0,0.00753739,1.90388,1.90696,0
240,9.52118,1.09549,0,1.69832,0,0.448635,0.663525,0.0106714,1.01039,1.14154,0.593579,0,5.99E-05,0,0.010484,1.90963,1.89947,0
241,9.56102,1.11886,0,1.70362,0,0.45836,0.632528,0.00661953,0.999966,1.14593,0.574364,0,0,0,0.00580036,1.92993,1.90774,0
242,9.60085,1.11606,0,1.70577,0,0.467205,0.642829,0.00661953,0.981153,1.14136,0.583847,0,0,0,0.00395891,1.93775,1.94103,0
243,9.64069,1.13195,0,1.68927,0,0.467611,0.640436,0,0.970637,1.14327,0.580802,0,0.00959588,0,0.0017816,1.93186,1.95348,0.0047043
244,9.68053,1.11333,0,1.68804,0,0.465436,0.632703,0,0.969209,1.14206,0.587341,0,0.0105103,0,0.00233739,1.91995,1.95246,0.0047043
245,9.72037,1.10539,0,1.68913,0,0.455024,0.656074,0.00141948,0.993703,1.13773,0.588925,0,0.0114861,0,0.00534973,1.91049,1.89213,0.0047043
246,9.7602,1.07777,0,1.70405,0,0.451597,0.619689,0.00141948,0.986437,1.14108,0.586294,0,0.00189026,0,0.00356813,1.90975,1.90129,0
247,9.80004,1.06806,0,1.70871,0,0.449609,0.688034,0.00681065,1.0064,1.13774,0.586881,0,0.00694103,0,0.00696237,1.91704,1.89031,0
248,9.83988,1.07035,0,1.70779,0,0.44587,0.686458,0.00539117,0.992392,1.139,0.580435,0,0.00596518,0,0.00395003,1.88922,1.93638,0
249,9.87972,1.0757,0,1.70051,0,0.441665,0.738599,0.00539117,1.00578,1.13304,0.585196,0,0.00879315,0,0.00494651,1.90067,1.92037,0.00370141
250,9.91955,1.08919,0,1.68837,0,0.443664,0.711829,0.000194541,0.988604,1.13381,0.588122,0,0.00282797,0,0.00128868,1.87813,1.92899,0.00370141
251,9.95939,1.09457,0,1.67391,0,0.444613,0.705213,0.000194541,0.984031,1.1369,0.589134,0,0.00282797,0,0.00128868,1.89797,1.90426,0.00370141
252,9.99923,0.740108,0.00622785,1.10949,0.668349,0.299732,0.462852,0.000194541,0.645464,0.76069,0.609256,0.361133,0.111994,0,0.502558,1.29965,1.60304,0
253,10.0391,0.368367,0.00622785,0.550558,1.34272,0.147312,0.225933,0,0.319898,0.381593,0.768913,0.931526,0.111994,0,1.00535,0.74198,1.34499,0
254,10.0789,0,0.00622785,0,1.96241,0,0,0,0,0,0.967429,1.83211,0.111994,0,1.63578,0.111891,1.13875,0
255,10.1187,0,0.00489966,0,1.98951,0,0,0,0,0,1.01219,1.94953,0.121072,0,1.73832,0.091699,1.27357,0
256,10.1586,0,0.0685223,0,1.90714,0,0,0,0,0,0.883816,1.89383,0.21612,0,1.82363,0.109878,1.60078,0
257,10.1984,0.0213033,0.186986,0,2.02192,0,0,0,0,0,0.763225,1.45475,0.218378,0,1.76473,0.107932,1.58653,0
258,10.2383,0.0213033,0.279066,0,1.98372,0,0,0,0,0,0.841997,1.57897,0.173262,0,1.6715,0.131461,1.45007,0
259,10.2781,0.0300741,0.274873,0,2.11293,0,0,0,0,0,0.847038,1.65968,0.0782135,0,1.67843,0.0458823,0.970246,0
260,10.3179,0.00877079,0.19723,0,2.06032,0,0,0,0,0,0.895597,1.61515,0.0759555,0,1.65721,0.162852,0.978728,0
261,10.3578,0.0260627,0.186567,0,2.08972,0,0,0,0,0,0.798246,1.54477,0,0,1.69071,0.11697,0.866611,0
262,10.3976,0.017292,0.213247,0,2.04464,0,0,0,0,0,0.869318,1.50978,0.0300312,0,1.6683,0.273367,1.13706,0
263,10.4374,0.0383107,0.277099,0,2.0576,0,0,0,0,0,0.805798,1.67514,0.0300312,0,1.69421,0.156397,0.842318,0
264,10.4773,0.0210188,0.211323,0,2.07335,0,0,0,0,0,0.876501,1.81262,0.0300312,0,1.75087,0.178843,1.04386,0
265,10.5171,0.0521493,0.193378,0,2.1476,0,0,0,0,0,0.809174,1.75632,0.0987678,0,1.7354,0.0224461,0.839751,0
266,10.557,0.0492024,0.153792,0,2.122,0,0,0,0,0,0.878225,1.82591,0.20923,0,1.74743,0.0224461,1.16772,0
267,10.5968,0.0880982,0.178227,0,2.08613,0,0,0,0,0,0.784458,1.79605,0.304678,0,1.69902,0,1.05299,0
268,10.6366,0.120665,0.207405,0,1.99976,0,0,0,0,0,0.814317,1.8505,0.254081,0,1.67172,0,1.06349,0
269,10.6765,0.226099,0.215865,0,1.98461,0,0,0,0,0,0.586112,1.54842,0.208699,0,1.57355,0,0.995474,0
270,10.7163,0.358364,0.170887,0,1.94566,0,0,0,0,0,0.602807,1.26595,0.150505,0,1.43696,0,1.07638,0
271,10.7561,0.432332,0.0735446,0,1.97347,0,0,0,0,0,0.53202,1.17623,0.207054,0,1.28628,0,0.959495,0
272,10.796,0.465545,0,0,2.00918,0,0,0,0,0,0.620963,1.40381,0.236094,0,1.21664,0,0.692452,0
273,10.8358,0.427756,0,0,2.03257,0,0,0,0,0,0.671659,1.61854,0.259671,0,1.22739,0,0.567122,0
274,10.8757,0.435625,0,0,2.01752,0,0,0,0,0,0.714109,1.70534,0.202217,0,1.252,0,0.573993,0
275,10.9155,0.40308,0,0,1.97532,0,0,0,0,0,0.790571,1.60901,0.205424,0,1.23223,0,0.68169,0
276,10.9553,0.42587,0,0,2.0199,0,0,0,0,0,0.773553,1.57947,0.213847,0,1.21256,0,0.595835,0
277,10.9952,0.415787,0,0,2.02678,0,0,0,0,0,0.78672,1.55428,0.21009,0,1.20528,0,0.54298,0
278,11.035,0.412584,0,0,2.04745,0,0,0,0,0,0.795716,1.64179,0.145174,0,1.21313,0,0.511701,0
279,11.0748,0.399343,0,0,2.03995,0,0,0,0,0,0.728407,1.64813,0.21864,0,1.20487,0,0.50511,0
280,11.1147,0.401847,0,0,2.00837,0,0,0,0,0,0.758577,1.68644,0.245855,0,1.2167,0,0.581348,0
281,11.1545,0.422349,0,0,1.98477,0,0,0,0,0,0.750703,1.65539,0.281954,0,1.22725,0,0.569289,0
282,11.1944,0.412619,0,0,2.00707,0,0,0,0,0,0.820997,1.69324,0.213211,0,1.2362,0,0.589478,0
283,11.2342,0.398337,0,0,2.01965,0,0,0,0,0,0.796203,1.7137,0.208598,0,1.2116,0,0.468249,0
284,11.274,0.378895,0,0,2.06181,0,0,0,0,0,0.810361,1.71369,0.228419,0,1.19505,0,0.432162,0
285,11.3139,0.400481,0,0,2.02107,0,0,0,0,0,0.798285,1.73078,0.187269,0,1.18522,0,0.398173,0
286,11.3537,0.424341,0,0,2.07355,0,0,0,0,0,0.857713,1.5915,0.350957,0,1.20059,0,0.597321,0
287,11.3935,0.451727,0,0,2.04989,0,0,0,0,0,0.777343,1.54434,0.28556,0,1.20565,0,0.618004,0
288,11.4334,0.448216,0,0,2.13129,0,0,0,0,0,0.792107,1.41814,0.448106,0,1.22073,0,0.674876,0
289,11.4732,0.477384,0,0,2.09397,0,0,0,0,0,0.712275,1.5678,0.266747,0,1.2452,0,0.507111,0
290,11.5131,0.487495,0,0,2.21693,0,0,0,0,0,0.799238,1.59331,0.278337,0,1.2778,0,0.485343,0
291,11.5529,0.504219,0,0,2.08826,0,0,0,0,0,0.768707,1.69354,0.143059,0,1.2874,0,0.443845,0
292,11.5927,0.472173,0,0,2.10074,0,0,0,0,0,0.846347,1.52573,0.356851,0,1.30508,0,0.644246,0
293,11.6326,0.495205,0,0,1.94051,0,0,0,0,0,0.769925,1.56923,0.322326,0,1.26615,0,0.6669,0
294,11.6724,0.471101,0,0,2.04547,0,0,0,0,0,0.763339,1.46543,0.366661,0,1.27981,0,0.623362,0
295,11.7122,0.468012,0,0,2.00296,0,0,0,0,0,0.644369,1.55757,0.124221,0,1.23285,0,0.456638,0
296,11.7521,0.463684,0,0,2.16019,0,0,0,0,0,0.735554,1.46201,0.40227,0,1.26917,0,0.525089,0
297,11.7919,0.475816,0,0,2.09613,0,0,0,0,0,0.690576,1.49027,0.329153,0,1.22166,0,0.500591,0
298,11.8318,0.513868,0,0,2.2152,0,0,0,0,0,0.734002,1.38928,0.34633,0,1.2631,0,0.539605,0
299,11.8716,0.506815,0,0,2.10078,0,0,0,0,0,0.564088,1.41022,0.0788304,0,1.21074,0,0.558008,0
300,11.9114,0.523321,0,0,2.18437,0,0,0,0,0,0.632255,1.33431,0.281878,0,1.25841,0,0.613588,0
301,11.9513,0.522508,0,0,2.05556,0,0,0,0,0,0.641381,1.46356,0.315108,0,1.22959,0,0.524102,0
302,11.9911,0.531235,0,0,2.1614,0,0,0,0,0,0.791187,1.43116,0.53793,0,1.26496,0,0.591939,0
303,12.0309,0.517742,0,0,2.10851,0,0,0,0,0,0.736278,1.5691,0.369254,0,1.25805,0,0.556434,0
304,12.0708,0.524998,0,0,2.22695,0,0,0,0,0,0.695309,1.42041,0.360546,0,1.30813,0,0.592114,0
305,12.1106,0.518566,0,0,2.06179,0,0,0,0,0,0.656659,1.50454,0.163237,0,1.29807,0,0.387955,0
306,12.1505,0.519549,0,0,2.13765,0,0,0,0,0,0.785315,1.35586,0.309855,0,1.29918,0,0.418671,0
307,12.1903,0.502007,0,0,2.08822,0,0,0,0,0,0.797963,1.48545,0.337301,0,1.27423,0,0.435517,0
308,12.2301,0.466599,0,0,2.2457,0,0,0,0,0,0.804434,1.30193,0.476942,0,1.30068,0,0.615006,0
309,12.27,0.466504,0,0,2.13955,0,0,0,0,0,0.677057,1.35398,0.339495,0,1.27103,0,0.601024,0
310,12.3098,0.494327,0,0,2.20776,0,0,0,0,0,0.719413,1.18082,0.475859,0,1.29238,0,0.612998,0
311,12.3496,0.538211,0,0,2.08159,0,0,0,0,0,0.66565,1.37074,0.310506,0,1.26214,0,0.410789,0
312,12.3895,0.525983,0,0,2.20537,0,0,0,0,0,0.724959,1.49225,0.23565,0,1.29353,0,0.45964,0
313,12.4293,0.506555,0,0,2.09905,0,0,0,0,0,0.701573,1.66258,0.0350613,0,1.22291,0,0.441059,0
314,12.4692,0.491261,0,0,2.22453,0,0,0,0,0,0.768385,1.71392,0.0842353,0,1.26677,0,0.492381,0
315,12.509,0.510387,0,0,2.11021,0,0,0,0,0,0.69681,1.64574,0.0967485,0,1.23501,0,0.513955,0
316,12.5488,0.483025,0,0,2.20909,0,0,0,0,0,0.721959,1.66443,0.097362,0,1.28163,0,0.481467,0
317,12.5887,0.494308,0,0,2.10931,0,0,0,0,0,0.726998,1.65356,0.0874875,0,1.23834,0,0.453784,0
318,12.6285,0.484703,0,0,2.21261,0,0,0,0,0,0.757343,1.63322,0.0773085,0,1.28516,0,0.456238,0
319,12.6683,0.506617,0,0,2.11187,0,0,0,0,0,0.725183,1.6267,0.0946124,0,1.25478,0,0.487782,0
320,12.7082,0.474212,0,0,2.23441,0,0,0,0,0,0.732027,1.52993,0.0591219,0,1.27464,0,0.508242,0
321,12.748,0.484193,0,0,2.12809,0,0,0,0,0,0.736889,1.59163,0.0679674,0,1.21332,0,0.45136,0
322,12.7879,0.470961,0,0,2.22406,0,0,0,0,0,0.79166,1.64035,0.0253386,0,1.24189,0,0.543581,0
323,12.8277,0.461108,0,0,2.12151,0,0,0,0,0,0.685549,1.67318,0.0219822,0,1.23468,0,0.613553,0
324,12.8675,0.445742,0,0,2.19805,0,0,0,0,0,0.724027,1.5966,0.0877646,0,1.26978,0,0.700963,0
325,12.9074,0.476903,0,0,2.1168,0,0,0,0,0,0.692759,1.58746,0.101521,0,1.25723,0,0.531298,0
326,12.9472,0.477997,0,0,2.22499,0,0,0,0,0,0.819732,1.67061,0.090719,0,1.26655,0,0.476618,0
327,12.987,0.474536,0,0,2.10313,0,0,0,0,0,0.782105,1.77782,0.142568,0,1.26737,0,0.338967,0
328,13.0269,0.446506,0,0,2.16468,0,0,0,0,0,0.774227,1.54518,0.362489,0,1.31413,0,0.49692,0
329,13.0667,0.45573,0,0,2.02784,0,0,0,0,0,0.680887,1.48666,0.397817,0,1.3291,0,0.518327,0
330,13.1066,0.45247,0,0,2.17169,0,0,0,0,0,0.706466,1.38415,0.357623,0,1.33188,0,0.572442,0
331,13.1464,0.452927,0,0,2.0837,0,0,0,0,0,0.673162,1.59143,0.134316,0,1.28415,0,0.566336,0
332,13.1862,0.498056,0,0,2.20766,0,0,0,0,0,0.709443,1.59211,0.0989875,0,1.2878,0,0.538491,0
333,13.2261,0.490335,0,0,2.06891,0,0,0,0,0,0.626789,1.68977,0.0624558,0,1.28913,0,0.597282,0
334,13.2659,0.487565,0,0,2.2181,0,0,0,0,0,0.716728,1.56253,0.268876,0,1.31672,0,0.620772,0
335,13.3057,0.48056,0,0,2.10136,0,0,0,0,0,0.7418,1.66449,0.299345,0,1.29227,0,0.59275,0
336,13.3456,0.489365,0,0,2.20389,0,0,0,0,0,0.800085,1.60229,0.247259,0,1.31904,0,0.621909,0
337,13.3854,0.466491,0,0,2.07061,0,0,0,0,0,0.675561,1.66838,0.0502112,0,1.25098,0,0.55514,0
338,13.4253,0.43032,0,0,2.19797,0,0,0,0,0,0.67092,1.51868,0.0197423,0,1.28864,0,0.637084,0
339,13.4651,0.465,0,0,2.1341,0,0,0,0,0,0.688899,1.60653,0.0496333,0,1.26076,0,0.57828,0
340,13.5049,0.486285,0,0,2.23891,0,0,0,0,0,0.796519,1.69839,0.0632927,0,1.32261,0,0.514469,0
341,13.5448,0.48313,0,0,2.10608,0,0,0,0,0,0.692426,1.72508,0.0634492,0,1.25102,0,0.548605,0
342,13.5846,0.475242,0,0,2.19086,0,0,0,0,0,0.73596,1.53459,0.277421,0,1.26562,0,0.558457,0
343,13.6244,0.480606,0,0,2.04685,0,0,0,0,0,0.664756,1.46339,0.273012,0,1.22477,0,0.637336,0
344,13.6643,0.491186,0,0,2.15692,0,0,0,0,0,0.763862,1.36382,0.372616,0,1.26797,0,0.711826,0
345,13.7041,0.485818,0,0,2.05975,0,0,0,0,0,0.717868,1.51588,0.169038,0,1.24778,0,0.669685,0
346,13.744,0.459991,0,0,2.2012,0,0,0,0,0,0.770987,1.4555,0.232884,0,1.28164,0,0.638286,0
347,13.7838,0.465502,0,0,2.10924,0,0,0,0,0,0.715369,1.52362,0.187908,0,1.24863,0,0.508632,0
348,13.8236,0.450596,0,0,2.19051,0,0,0,0,0,0.749192,1.38326,0.262722,0,1.25567,0,0.602734,0
349,13.8635,0.472424,0,0,2.0764,0,0,0,0,0,0.700724,1.47708,0.195126,0,1.24035,0,0.560532,0
350,13.9033,0.462061,0,0,2.18175,0,0,0,0,0,0.794793,1.46855,0.385341,0,1.29165,0,0.584222,0
351,13.9431,0.456738,0,0,2.07997,0,0,0,0,0,0.703067,1.57354,0.270243,0,1.24456,0,0.440549,0
352,13.983,0.489275,0,0,2.22164,0,0,0,0,0,0.709211,1.526,0.284605,0,1.28177,0,0.522923,0
353,14.0228,0.488444,0,0,2.1,0,0,0,0,0,0.630938,1.64394,0.0396052,0,1.24897,0,0.505468,0
354,14.0627,0.479054,0,0,2.21501,0,0,0,0,0,0.735927,1.54804,0.206036,0,1.29733,0,0.652373,0
355,14.1025,0.450761,0,0,2.09774,0,0,0,0,0,0.715682,1.5918,0.166431,0,1.23742,0,0.594016,0
356,14.1423,0.486574,0,0,2.20887,0,0,0,0,0,0.813568,1.44411,0.34206,0,1.26553,0,0.594228,0
357,14.1822,0.513983,0,0,2.1022,0,0,0,0,0,0.654394,1.50186,0.175628,0,1.23393,0,0.583768,0
358,14.222,0.525165,0,0,2.17097,0,0,0,0,0,0.748498,1.44222,0.392769,0,1.29592,0,0.677955,0
359,14.2618,0.495774,0,0,2.03667,0,0,0,0,0,0.67095,1.61532,0.258255,0,1.27546,0,0.69773,0
360,14.3017,0.490044,0,0,2.19525,0,0,0,0,0,0.819507,1.67454,0.258255,0,1.30869,0,0.632824,0
361,14.3415,0.485809,0,0,2.06076,0,0,0,0,0,0.748117,1.7438,0.075549,0,1.26307,0,0.487372,0
362,14.3814,0.487415,0,0,2.18027,0,0,0,0,0,0.799753,1.7569,0.0344336,0,1.2818,0,0.464596,0
363,14.4212,0.496257,0,0,2.03593,0,0,0,0,0,0.737667,1.76198,0.0805856,0,1.27861,0,0.386159,0
364,14.461,0.454839,0,0,2.18499,0,0,0,0,0,0.747036,1.6226,0.163009,0,1.31583,0,0.508241,0
365,14.5009,0.43703,0,0,2.06675,0,0,0,0,0,0.69104,1.53009,0.221263,0,1.2941,0,0.437254,0
366,14.5407,0.415349,0,0,2.19205,0,0,0,0,0,0.745367,1.40516,0.241204,0,1.30016,0,0.543841,0
367,14.5805,0.445818,0,0,2.07888,0,0,0,0,0,0.692408,1.52935,0.124347,0,1.25022,0,0.465711,0
368,14.6204,0.460504,0,0,2.21373,0,0,0,0,0,0.766245,1.33671,0.297502,0,1.25119,0,0.648004,0
369,14.6602,0.491769,0,0,2.09463,0,0,0,0,0,0.70123,1.42718,0.408716,0,1.24523,0,0.701597,0
370,14.7001,0.480954,0,0,2.22148,0,0,0,0,0,0.797178,1.42371,0.408716,0,1.2946,0,0.782188,0
371,14.7399,0.468186,0,0,2.04657,0,0,0,0,0,0.691362,1.63931,0.177307,0,1.27081,0,0.650461,0
372,14.7797,0.46484,0,0,2.15954,0,0,0,0,0,0.737567,1.64428,0,0,1.26796,0,0.578566,0
373,14.8196,0.468226,0,0,2.03933,0,0,0,0,0,0.68633,1.75441,0.0258222,0,1.26051,0,0.582084,0
374,14.8594,0.507563,0,0,2.22336,0,0,0,0,0,0.750486,1.73965,0.0258222,0,1.30738,0,0.667982,0
375,14.8992,0.496557,0,0,2.16906,0,0,0,0,0,0.688345,1.74992,0.0258222,0,1.29449,0,0.619909,0
376,14.9391,0.537545,0,0,2.26861,0,0,0,0,0,0.674934,1.60423,0.0489273,0,1.30354,0,0.677756,0
377,14.9789,0.520368,0,0,2.10389,0,0,0,0,0,0.621838,1.62671,0.0805818,0,1.28266,0,0.569577,0
378,15.0188,0.35662,0,0,1.38077,0.295229,0.522266,0,0.301881,0.690243,1.13861,1.07956,0.0805818,0,1.02329,0.423248,0.615639,0.780775
379,15.0586,0.16399,0,0,0.618604,0.502024,1.00388,0,0.484428,1.36605,1.79083,0.578322,0.0316544,0,0.819757,0.778343,0.333226,1.2744
380,15.0984,0,0,0,0,0.778105,1.57581,0,0.746659,2.1089,2.43889,0,0.0384278,0,0.434123,1.06926,0.229656,1.59278
381,15.1383,0,0,0,0,0.750765,1.5582,0,0.686618,2.21064,2.64048,0,0.0384278,0,0.282155,0.930073,0.0446318,1.14403
382,15.1781,0,0,0,0,0.810438,1.68759,0,0.68943,2.30875,2.65362,0,0.0752694,0,0.056984,0.82849,0.0446318,0.995414
383,15.218,0,0,0,0,0.825053,1.72,0,0.655018,2.35511,2.71083,0,0.0482318,0,0.0166327,0.766756,0,0.988281
384,15.2578,0,0,0,0,0.808324,1.77383,0,0.610575,2.33668,2.69707,0,0.0595065,0,0.0169417,0.704425,0,1.00693
385,15.2976,0,0,0,0,0.80339,1.69686,0,0.630925,2.33692,2.70507,0,0.0273048,0,0.00370496,0.661358,0,1.01539
386,15.3375,0,0,0,0,0.76068,1.62072,0,0.591721,2.33171,2.69023,0,0.0217449,0,0.00370496,0.649232,0,1.05597
387,15.3773,0,0,0,0,0.756571,1.58405,0,0.596706,2.33868,2.70006,0,0.0168052,0,0.00339591,0.623738,0,1.05202
388,15.4171,0,0,0,0,0.743269,1.60216,0,0.600124,2.34307,2.71976,0,0.0133372,0,0,0.647099,0,1.04951
389,15.457,0,0,0,0,0.75667,1.59291,0,0.60479,2.32652,2.72763,0,0.0387226,0,0,0.639302,0,1.04725
390,15.4968,0,0,0,0,0.752757,1.63735,0,0.604333,2.3214,2.70929,0,0.0323877,0,0,0.668748,0,1.05254
391,15.5367,0,0,0,0,0.794957,1.64975,0,0.598527,2.32056,2.7361,0,0.0496775,0,0,0.653342,0,1.05789
392,15.5765,0,0,0,0,0.786073,1.70596,0,0.592848,2.33111,2.72283,0,0.0184617,0,0.000847389,0.680345,0,1.05788
393,15.6163,0,0,0,0,0.804952,1.67133,0,0.584413,2.33043,2.74333,0,0.0287655,0,0.000847389,0.661302,0,1.04248
394,15.6562,0,0,0,0,0.759187,1.64967,0,0.588829,2.33089,2.69351,0,0.0308408,0,0.00257633,0.674375,0,1.03461
395,15.696,0,0,0,0,0.794256,1.6155,0,0.605829,2.33415,2.70622,0,0.0308408,0,0.00172895,0.655517,0,1.02806
396,15.7358,0,0,0,0,0.789938,1.66661,0,0.623409,2.33783,2.70258,0,0.0475504,0,0.00990758,0.660199,0,1.04114
397,15.7757,0,0,0,0,0.835069,1.69595,0,0.607986,2.34121,2.73401,0,0.0270134,0,0.00817863,0.656682,0,1.03569
398,15.8155,0,0,0,0,0.803252,1.70536,0,0.604923,2.34037,2.7213,0,0.0270134,0,0.00941466,0.66083,0,1.0516
399,15.8554,0,0,0,0,0.818059,1.66179,0,0.576819,2.34277,2.7102,0,0,0,0.00123603,0.654446,0,1.05542
400,15.8952,0,0,0,0,0.778011,1.63244,0,0.563559,2.33457,2.67623,0,0.00711234,0,0.00123603,0.679048,0,1.05624
401,15.935,0,0,0,0,0.796651,1.62601,0,0.565166,2.33199,2.70665,0,0.0193035,0,0,0.674315,0,1.05431
402,15.9749,0,0,0,0,0.769426,1.62273,0,0.581587,2.33323,2.71227,0,0.025083,0,0,0.690109,0,1.0466
403,16.0147,0,0,0,0,0.780649,1.63779,0,0.603471,2.33806,2.7201,0,0.0407513,0,0,0.638519,0,1.05923
404,16.0545,0,0,0,0,0.756379,1.65999,0,0.586607,2.34192,2.68734,0,0.0285601,0,0,0.656912,0,1.05304
405,16.0944,0,0,0,0,0.762173,1.62665,0,0.573232,2.32945,2.69844,0,0.0529642,0,0,0.644012,0,1.06588
406,16.1342,0,0,0,0,0.753585,1.61204,0,0.589384,2.34359,2.69831,0,0.0301836,0,0,0.681247,0,1.05972
407,16.1741,0,0,0,0,0.761601,1.59391,0,0.604423,2.33289,2.70623,0,0.0551482,0,0,0.651394,0,1.06804
408,16.2139,0,0,0,0,0.741609,1.66816,0,0.627614,2.33946,2.67657,0,0.0249646,0,0,0.676335,0,1.04728
409,16.2537,0,0,0,0,0.76635,1.6952,0,0.609252,2.32203,2.70772,0,0.0466767,0,0,0.646906,0,1.05444
410,16.2936,0,0,0,0,0.758051,1.68612,0,0.618364,2.32923,2.71813,0,0.0217121,0,0,0.676084,0,1.03759
411,16.3334,0,0,0,0,0.801612,1.66567,0,0.607713,2.32479,2.74248,0,0.046066,0,0,0.65933,0,1.06673
412,16.3732,0,0,0,0,0.771122,1.68066,0,0.607042,2.32305,2.71655,0,0.0243539,0,0.00292888,0.673493,0,1.06011
413,16.4131,0,0,0,0,0.799226,1.67347,0,0.600321,2.32595,2.74859,0,0.046425,0,0.00292888,0.656861,0,1.07714
414,16.4529,0,0,0,0,0.778088,1.65542,0,0.604235,2.32858,2.74143,0,0.0220712,0,0.0104829,0.669032,0,1.07197
415,16.4928,0,0,0,0,0.803779,1.54775,0,0.600617,2.33427,2.77169,0,0.0220712,0,0.00755404,0.645721,0,1.0732
416,16.5326,0,0,0,0,0.776189,1.56758,0,0.589216,2.32759,2.71835,0,0.00980087,0,0.010603,0.678465,0,1.05576
417,16.5724,0,0,0,0,0.807814,1.6135,0,0.596841,2.32696,2.72884,0,0.0187636,0,0.00304892,0.676256,0,1.05522
418,16.6123,0,0,0,0,0.78636,1.67684,0,0.616328,2.31966,2.70133,0,0.0225846,0,0.00304892,0.716714,0,1.05393
419,16.6521,0,0,0,0,0.820543,1.66215,0,0.626432,2.32595,2.73114,0,0.0127837,0,0,0.67138,0,1.06108
420,16.6919,0,0,0,0,0.784981,1.63598,0,0.615829,2.32281,2.71401,0,0.0134544,0,0.0124295,0.668405,0,1.05841
421,16.7318,0,0,0,0,0.816879,1.6094,0,0.58741,2.33282,2.71419,0,0.00963339,0,0.0124295,0.651624,0,1.06897
422,16.7716,0,0,0,0,0.769944,1.61716,0,0.571732,2.3225,2.68265,0,0.0103903,0,0.0155898,0.72288,0,1.06793
423,16.8115,0,0,0,0,0.795846,1.63631,0,0.56975,2.33403,2.70543,0,0.000756878,0,0.00316026,0.723292,0,1.05065
424,16.8513,0,0,0,0,0.766354,1.6324,0,0.591717,2.33899,2.70338,0,0.0380809,0,0.00397724,0.735972,0,1.02894
425,16.8911,0,0,0,0,0.799449,1.59399,0,0.601315,2.35037,2.70318,0,0.0545285,0,0.000816977,0.666571,0,1.04042
426,16.931,0,0,0,0,0.778416,1.54741,0,0.605814,2.35256,2.67357,0,0.0545285,0,0.000816977,0.658484,0,1.04873
427,16.9708,0,0,0,0,0.786255,1.56724,0,0.599241,2.34326,2.69539,0,0.0431546,0,0,0.640559,0,1.06171
428,17.0106,0,0,0,0,0.754012,1.60592,0,0.611095,2.33873,2.72299,0,0.0259501,0,0,0.668616,0,1.04431
429,17.0505,0,0,0,0,0.76745,1.63664,0,0.605837,2.32647,2.77092,0,0.0286786,0,0,0.683391,0,1.05862
430,17.0903,0,0,0,0,0.760027,1.6817,0,0.595976,2.32058,2.72938,0,0.00272846,0,0,0.713433,0,1.05549
431,17.1302,0,0,0,0,0.802083,1.67339,0,0.587986,2.31726,2.73196,0,0.00272846,0,0,0.690137,0,1.06656
432,17.17,0,0,0,0,0.795092,1.68671,0,0.611604,2.32384,2.68254,0,0.0179112,0,0.0112379,0.69049,0,1.05584
433,17.2098,0,0,0,0,0.816538,1.63515,0,0.608484,2.3387,2.71976,0,0.0179112,0,0.0112379,0.684924,0,1.04537
434,17.2497,0,0,0,0,0.790571,1.5988,0,0.586878,2.33806,2.68181,0,0.0387632,0,0.0140064,0.717836,0,1.05154
435,17.2895,0,0,0,0,0.808135,1.53462,0,0.568648,2.34105,2.71282,0,0.026908,0,0.00276852,0.696749,0,1.04736
436,17.3293,0,0,0,0,0.803561,1.60114,0,0.581299,2.34111,2.71776,0,0.0426945,0,0.00747646,0.676619,0,1.05738
437,17.3692,0,0,0,0,0.815947,1.63434,0,0.611773,2.34942,2.75918,0,0.0218424,0,0.00470795,0.646026,0,1.03684
438,17.409,0,0,0,0,0.798745,1.63451,0,0.612155,2.34649,2.72148,0,0.0177364,0,0.00470795,0.674559,0,1.038
439,17.4489,0,0,0,0,0.802303,1.60572,0,0.612552,2.34486,2.72138,0,0.0138381,0,0,0.674654,0,1.02671
440,17.4887,0,0,0,0,0.786835,1.62562,0,0.617521,2.34594,2.69229,0,0.0402419,0,0.00427432,0.693711,0,1.04169
441,17.5285,0,0,0,0,0.801808,1.656,0,0.597536,2.34789,2.72723,0,0.0616351,0,0.00427432,0.667245,0,1.04208
442,17.5684,0,0,0,0,0.791366,1.62137,0,0.602807,2.34806,2.70866,0,0.0706193,0,0.00551133,0.67622,0,1.04564
443,17.6082,0,0,0,0,0.82418,1.65112,0,0.587748,2.34935,2.74244,0,0.0442155,0,0.001237,0.673908,0,1.03293
444,17.648,0,0,0,0,0.80517,1.66693,0,0.606186,2.35265,2.72041,0,0.0208724,0,0.001237,0.706888,0,1.02613
445,17.6879,0,0,0,0,0.80351,1.66098,0,0.616821,2.34478,2.73846,0,0.0215458,0,0,0.693428,0,1.05008
446,17.7277,0,0,0,0,0.777892,1.62996,0,0.634603,2.34909,2.71413,0,0.0215458,0,0,0.697009,0,1.05494
447,17.7676,0,0,0,0,0.768288,1.61161,0,0.640905,2.34616,2.71162,0,0.0279442,0,0,0.656453,0,1.06103
448,17.8074,0,0,0,0,0.743319,1.62402,0,0.623677,2.34896,2.67691,0,0.00639838,0,0,0.674357,0,1.04567
449,17.8472,0,0,0,0,0.74438,1.58735,0,0.613053,2.33819,2.68836,0,0.00858931,0,0,0.647689,0,1.04744
450,17.8871,0,0,0,0,0.739505,1.58067,0,0.620784,2.33966,2.69957,0,0.00219093,0,0,0.672734,0,1.04504
451,17.9269,0,0,0,0,0.782277,1.62805,0,0.630968,2.33967,2.73441,0,0.0205338,0,0,0.64006,0,1.05145
452,17.9667,0,0,0,0,0.776578,1.65626,0,0.628968,2.33877,2.72667,0,0.0183428,0,0,0.664462,0,1.05002
453,18.0066,0,0,0,0,0.803958,1.63963,0,0.610061,2.33124,2.73403,0,0.0430141,0,0,0.642656,0,1.06042
454,18.0464,0,0,0,0,0.777654,1.61715,0,0.594652,2.32372,2.69035,0,0.0246712,0,0,0.69301,0,1.04391
455,18.0863,0,0,0,0,0.804739,1.599,0,0.583914,2.3261,2.71023,0,0.0327502,0,0,0.676493,0,1.06424
456,18.1261,0,0,0,0,0.766903,1.6317,0,0.590996,2.3307,2.67463,0,0.008079,0,0,0.712473,0,1.04879
457,18.1659,0,0,0,0,0.777638,1.62929,0,0.60249,2.33554,2.72059,0,0.0210472,0,0,0.6766,0,1.06341
458,18.2058,0,0,0,0,0.737943,1.64605,0,0.609021,2.3368,2.68689,0,0.0129682,0,0,0.704179,0,1.03735
459,18.2456,0,0,0,0,0.776984,1.65973,0,0.616775,2.33544,2.72107,0,0.0310744,0,0,0.666091,0,1.05807
460,18.2854,0,0,0,0,0.768225,1.66405,0,0.618005,2.33959,2.68228,0,0.0181061,0,0,0.695001,0,1.04672
461,18.3253,0,0,0,0,0.804278,1.70199,0,0.608606,2.33826,2.68478,0,0.033867,0,0,0.667601,0,1.06173
462,18.3651,0,0,0,0,0.784073,1.68758,0,0.605568,2.34442,2.66463,0,0.0331848,0,0,0.69279,0,1.0429
463,18.405,0,0,0,0,0.78721,1.67284,0,0.601582,2.33947,2.68959,0,0.0613115,0,0,0.652502,0,1.05224
464,18.4448,0,0,0,0,0.748424,1.67134,0,0.600569,2.33525,2.6761,0,0.0455506,0,0,0.660735,0,1.0451
465,18.4846,0,0,0,0,0.762719,1.65938,0,0.588222,2.32826,2.69888,0,0.032596,0,0,0.637539,0,1.05296
466,18.5245,0,0,0,0,0.760315,1.68536,0,0.578708,2.33364,2.69037,0,0.00446933,0,0,0.658075,0,1.0464
467,18.5643,0,0,0,0,0.808035,1.64875,0,0.587336,2.34026,2.73228,0,0.0224334,0,0,0.65539,0,1.04832
468,18.6041,0,0,0,0,0.7872,1.70092,0,0.586128,2.33387,2.70476,0,0.0179641,0,0,0.698265,0,1.02933
469,18.644,0,0,0,0,0.813601,1.71655,0,0.605429,2.32671,2.72436,0,0.0333948,0,0,0.666991,0,1.04466
470,18.6838,0,0,0,0,0.771569,1.70818,0,0.614122,2.32324,2.71798,0,0.0154307,0,0,0.68562,0,1.03772
471,18.7237,0,0,0,0,0.780588,1.66039,0,0.628833,2.32156,2.71932,0,0.0340994,0,0,0.650583,0,1.05663
472,18.7635,0,0,0,0,0.758906,1.61416,0,0.622584,2.33148,2.7126,0,0.0192442,0,0,0.696941,0,1.03737
473,18.8033,0,0,0,0,0.765532,1.63058,0,0.623314,2.32789,2.69408,0,0.0220705,0,0,0.66876,0,1.04916
474,18.8432,0,0,0,0,0.764784,1.63409,0,0.62476,2.34184,2.7252,0,0.0034019,0,0,0.692252,0,1.04395
475,18.883,0,0,0,0,0.76332,1.64406,0,0.61714,2.33457,2.72319,0,0.0178577,0,0,0.655342,0,1.05224
476,18.9228,0,0,0,0,0.757975,1.66919,0,0.606891,2.33578,2.71708,0,0.0150314,0,0,0.674298,0,1.03368
477,18.9627,0,0,0,0,0.773111,1.64179,0,0.601037,2.32747,2.69688,0,0.0270489,0,0,0.646177,0,1.03251
478,19.0025,0,0,0,0,0.76073,1.65679,0,0.597487,2.33236,2.68418,0,0.0121862,0,0,0.671337,0,1.03355
479,19.0424,0,0,0,0,0.788839,1.65515,0,0.609136,2.32964,2.71623,0,0.0367646,0,0,0.640619,0,1.05626
480,19.0822,0,0,0,0,0.762608,1.68841,0,0.60668,2.32802,2.70321,0,0.0255553,0,0,0.658941,0,1.05568
481,19.122,0,0,0,0,0.788621,1.64887,0,0.61809,2.3268,2.72204,0,0.0253866,0,0,0.640183,0,1.05232
482,19.1619,0,0,0,0,0.759414,1.63305,0,0.618021,2.33525,2.69338,0,0.00436185,0,0,0.663107,0,1.04553
483,19.2017,0,0,0,0,0.780125,1.58404,0,0.620269,2.331,2.71832,0,0.00355364,0,0,0.638321,0,1.05611
484,19.2415,0,0,0,0,0.760422,1.61007,0,0.624123,2.3332,2.68165,0,0.00355364,0,0,0.650447,0,1.05298
485,19.2814,0,0,0,0,0.770907,1.5947,0,0.613078,2.32333,2.69996,0,0.030126,0,0,0.630486,0,1.06058
486,19.3212,0,0,0,0,0.760005,1.66985,0,0.618294,2.34483,2.69556,0,0.0335744,0,0,0.646722,0,1.04876
487,19.3611,0,0,0,0,0.767389,1.65221,0,0.620105,2.33267,2.71461,0,0.0444015,0,0,0.640945,0,1.06398
488,19.4009,0,0,0,0,0.757056,1.69621,0,0.615681,2.33313,2.68464,0,0.0142755,0,0,0.672941,0,1.0475
489,19.4407,0,0,0,0,0.778915,1.63007,0,0.611956,2.31457,2.69395,0,0.0351054,0,0,0.665429,0,1.05268
490,19.4806,0,0,0,0,0.769302,1.58552,0,0.605148,2.32873,2.69405,0,0.0443376,0,0.00367593,0.67837,0,1.04777
491,19.5204,0,0,0,0,0.786855,1.53492,0,0.614548,2.33822,2.71173,0,0.0443376,0,0.00367593,0.665788,0,1.04851
492,19.5602,0,0,0,0,0.755668,1.56086,0,0.592067,2.3381,2.67033,0,0.0200592,0,0.00367593,0.716934,0,1.0541
493,19.6001,0,0,0,0,0.794788,1.67365,0,0.59075,2.32793,2.6963,0,0,0,0,0.713598,0,1.03886
494,19.6399,0,0,0,0,0.803782,1.70667,0,0.588539,2.32745,2.69439,0,0,0,0,0.741863,0,1.03818
495,19.6798,0,0,0,0,0.846623,1.6899,0,0.603971,2.33018,2.74095,0,0,0,0,0.701559,0,1.04209
496,19.7196,0,0,0,0,0.804605,1.64895,0,0.589468,2.33156,2.69775,0,0,0,0,0.700315,0,1.05665
497,19.7594,0,0,0,0,0.810606,1.60183,0,0.581294,2.32705,2.71963,0,0,0,0,0.673942,0,1.0681
498,19.7993,0,0,0,0,0.773977,1.6307,0,0.591109,2.33583,2.68928,0,0,0,0.00854969,0.669663,0,1.06263
499,19.8391,0,0,0,0,0.808845,1.61577,0,0.609192,2.32512,2.72485,0,0.0173652,0,0.00854969,0.642512,0,1.06775
500,19.8789,0,0,0,0,0.778305,1.63053,0,0.626555,2.3381,2.70357,0,0.0173652,0,0.00854969,0.650237,0,1.05556
501,19.9188,0,0,0,0,0.813378,1.62033,0,0.609551,2.33424,2.73807,0,0.0340145,0,0,0.64101,0,1.05403
502,19.9586,0,0,0,0,0.776958,1.65269,0,0.596822,2.34859,2.70678,0,0.0166493,0,0,0.68954,0,1.03011
503,19.9985,0,0,0,0,0.795417,1.66867,0,0.585524,2.33888,2.70681,0,0.0425437,0,0,0.668366,0,1.04632
504,20.0383,0,0,0.434473,0,1.83069,2.48254,1.20162,1.37479,2.66448,2.33196,0,0.0805245,0.0821422,0,1.73569,0.31488,1.52576
505,20.0781,0,0,0.93327,0,2.94607,3.2005,2.46314,2.12009,3.03114,2.04962,0,0.344827,0.109966,0,2.76868,0.734927,2.07336
506,20.118,0,0,1.41089,0,4.00758,3.99003,3.65341,2.87215,3.42395,1.70838,0,0.509952,0.109966,0,3.8637,1.23906,2.60837
507,20.1578,0,0,1.46683,0,4.07662,4.02599,3.67716,2.87322,3.48246,1.70903,0,0.658467,0.0349053,0,3.85359,1.27004,2.67261
508,20.1976,0,0,1.46036,0,4.02147,4.13063,3.63093,2.87183,3.46337,1.67873,0,0.597819,0.00708175,0,3.89558,1.33877,2.67183
509,20.2375,0,0,1.43628,0,4.06853,4.10483,3.64922,2.94186,3.44741,1.6988,0,0.529989,0.110287,0,3.92035,1.33857,2.73638
510,20.2773,0,0,1.43468,0,4.04578,4.11638,3.61544,3.03304,3.43456,1.69464,0,0.368235,0.204232,0,4.0662,1.34578,2.75338
511,20.3172,0,0,1.39717,0,4.08777,4.0462,3.58603,3.15969,3.44335,1.67929,0,0.300509,0.204232,0,4.10782,1.30518,2.81738
512,20.357,0,0,1.40058,0,4.06853,4.06546,3.55575,3.20494,3.44436,1.62949,0,0.195339,0.136189,0,4.14355,1.12688,2.7447
513,20.3968,0,0,1.41028,0,4.0562,4.05493,3.53555,3.24054,3.42373,1.58966,0.0137951,0.187306,0.0571953,0,4.07642,1.08541,2.76612
514,20.4367,0,0,1.41148,0,4.07361,3.99315,3.53935,3.26012,3.43816,1.56732,0.0323279,0.109295,0.0632176,0,4.04202,1.04322,2.71463
515,20.4765,0,0,1.4105,0,4.10109,4.04324,3.52171,3.28605,3.40882,1.56513,0.0871618,0.167208,0.0280555,0,4.00283,1.06568,2.75859
516,20.5163,0,0,1.37657,0,4.11222,3.96073,3.55582,3.23647,3.42884,1.57302,0.130169,0.185724,0.00602225,0,3.98197,1.13914,2.7159
517,20.5562,0,0,1.35192,0,4.14226,4.07716,3.5616,3.23078,3.41396,1.5266,0.111636,0.293199,0.00181111,0,3.91427,1.14131,2.73443
518,20.596,0,0,1.3586,0,4.11642,4.0366,3.56495,3.20001,3.42936,1.53169,0.0901056,0.320515,0.00181111,0,3.92869,1.21318,2.69542
519,20.6359,0,0,1.35467,0,4.14506,4.16762,3.52307,3.20266,3.4094,1.51109,0.0333033,0.43899,0.00181111,0,3.87765,1.23913,2.72967
520,20.6757,0,0,1.39155,0,4.13735,4.13356,3.50048,3.18986,3.4138,1.52997,0.0333033,0.434736,0.0217852,0,3.91815,1.24723,2.7116
521,20.7155,0,0,1.38589,0,4.15804,4.21174,3.47766,3.1357,3.40736,1.49608,0,0.494735,0.0217852,0,3.86843,1.23467,2.77919
522,20.7554,0,0,1.39897,0,4.10595,4.11941,3.49082,3.10427,3.40993,1.51871,0,0.378976,0.0217852,0,3.9663,1.2617,2.75495
523,20.7952,0,0,1.35395,0,4.09445,4.04859,3.52058,3.09725,3.39259,1.52624,0,0.366002,0.00700729,0,3.94613,1.28744,2.76211
524,20.835,0,0,1.35842,0,4.10056,3.96505,3.55283,3.14784,3.40593,1.53888,0,0.355517,0.0234664,0,3.97443,1.25176,2.67784
525,20.8749,0,0,1.3391,0,4.13947,4.06459,3.54075,3.18605,3.38488,1.60669,0.0083792,0.425026,0.0405849,0,3.96139,1.27312,2.71842
526,20.9147,0,0,1.37963,0,4.10793,4.1124,3.50545,3.20109,3.4095,1.60346,0.0497473,0.340478,0.0335776,0,4.02219,1.22456,2.69678
527,20.9546,0,0,1.34992,0,4.11659,4.19264,3.51076,3.22001,3.39948,1.58522,0.0497473,0.385257,0.0231092,0,3.97432,1.22517,2.73266
528,20.9944,0,0,1.35607,0,4.09832,4.1068,3.54229,3.19059,3.43437,1.53268,0.0413681,0.369952,0.00599072,0,3.94607,1.1796,2.68202
529,21.0342,0,0,1.34149,0,4.13383,4.18139,3.5359,3.16405,3.42056,1.51259,0,0.482165,0.00599072,0,3.90357,1.17794,2.74906
530,21.0741,0,0,1.33983,0,4.11932,4.08403,3.56613,3.12826,3.44206,1.58582,0,0.475563,0,0,3.9388,1.22079,2.72127
531,21.1139,0,0,1.31858,0,4.12334,4.0902,3.51892,3.12114,3.4322,1.54776,0,0.564496,0,0,3.86547,1.21166,2.77602
532,21.1537,0,0,1.32441,0,4.07616,3.9732,3.50013,3.16744,3.44233,1.61023,0,0.495871,0.0198552,0,3.85512,1.19912,2.7055
533,21.1936,0,0,1.34938,0,4.06099,4.02573,3.45472,3.20584,3.40565,1.58791,0,0.311068,0.0198552,0,3.92742,1.19608,2.75495
534,21.2334,0,0,1.36583,0,4.05226,4.00056,3.47847,3.26439,3.42492,1.61968,0,0.19402,0.0449484,0,3.98343,1.18861,2.70832
535,21.2733,0,0,1.35649,0,4.08695,4.14541,3.5263,3.26956,3.41173,1.57535,0.0264117,0.150084,0.0250933,0,4.0233,1.167,2.76482
536,21.3131,0,0,1.3654,0,4.08269,4.07741,3.56846,3.28069,3.42899,1.56333,0.0264117,0.198465,0.0352716,0,3.9769,1.15418,2.71562
537,21.3529,0,0,1.33791,0,4.10764,4.1699,3.56253,3.28699,3.39729,1.56761,0.0457252,0.238829,0.0126947,0,3.96227,1.18212,2.74395
538,21.3928,0,0,1.33071,0,4.12356,4.07835,3.54502,3.24337,3.41696,1.56181,0.0193135,0.297602,0.0315491,0,3.91486,1.19652,2.71213
539,21.4326,0,0,1.33118,0,4.1487,4.1386,3.50801,3.21899,3.39914,1.60185,0.0437601,0.374002,0.0356087,0,3.96794,1.22673,2.7674
540,21.4724,0,0,1.35422,0,4.13995,4.03328,3.53211,3.17041,3.42436,1.60934,0.0545168,0.308164,0.0330923,0,4.00567,1.18446,2.71904
541,21.5123,0,0,1.38442,0,4.13927,4.10248,3.53229,3.20288,3.41065,1.59915,0.0545168,0.375663,0.014238,0,4.00399,1.21781,2.73973
542,21.5521,0,0,1.3811,0,4.1386,4.07101,3.53998,3.20342,3.4309,1.53873,0.0300701,0.419646,0.0157087,0,3.94331,1.17442,2.68728
543,21.592,0,0,1.37351,0,4.1426,4.17307,3.50517,3.18592,3.41557,1.50173,0,0.557137,0.0157087,0,3.90202,1.19429,2.7489
544,21.6318,0,0,1.37608,0,4.12041,4.15525,3.50724,3.16937,3.41157,1.51422,6.68E-05,0.469828,0.0157087,0,3.96601,1.17876,2.70664
545,21.6716,0,0,1.37057,0,4.12493,4.22366,3.49727,3.1837,3.39214,1.5159,6.68E-05,0.42223,0.0331469,0,3.94139,1.17481,2.74792
546,21.7115,0,0,1.39648,0,4.09856,4.17249,3.52514,3.18405,3.39461,1.55133,6.68E-05,0.308635,0.0331469,0,3.97721,1.22126,2.69549
547,21.7513,0,0,1.33778,0,4.12755,4.04283,3.52839,3.12872,3.40536,1.585,0.0150409,0.319219,0.0353412,0,4.01386,1.16515,2.69801
548,21.7911,0,0,1.29874,0,4.12861,3.99532,3.56618,3.09902,3.42715,1.60106,0.0150409,0.368928,0.0170183,0,4.03491,1.17962,2.65186
549,21.831,0,0,1.25942,0,4.16413,3.98565,3.55692,3.14265,3.41388,1.59874,0.0150409,0.448382,0.0411527,0,4.00351,1.12273,2.70759
550,21.8708,0,0,1.29547,0,4.14709,4.00383,3.54479,3.19014,3.42037,1.57091,0,0.512981,0.0524662,0,3.94593,1.15495,2.70787
551,21.9107,0,0,1.33272,0,4.1335,4.04577,3.49629,3.20454,3.40047,1.54061,0,0.494995,0.0557274,0,3.89224,1.15893,2.76583
552,21.9505,0,0,1.34371,0,4.11447,3.97039,3.49385,3.21225,3.43163,1.52731,0,0.492031,0.0492169,0,3.9326,1.15566,2.69085
553,21.9903,0,0,1.3487,0,4.12218,4.16909,3.49252,3.17608,3.41099,1.51436,0,0.504028,0.0357091,0,3.89916,1.17879,2.75403
554,22.0302,0,0,1.37203,0,4.10078,4.15276,3.49567,3.16832,3.42938,1.53261,0,0.421913,0.0176239,0,3.98454,1.23226,2.6973
555,22.07,0,0,1.36348,0,4.10957,4.22712,3.50205,3.15022,3.40055,1.52313,0,0.397928,0,0,3.9455,1.2688,2.74026
556,22.1098,0,0,1.35096,0,4.10016,4.06705,3.50242,3.18718,3.42048,1.53785,0,0.35694,0.0192033,0,3.98192,1.2637,2.68106
557,22.1497,0,0,1.30874,0,4.12152,4.11896,3.5003,3.14482,3.41309,1.53487,0,0.461504,0.0192033,0,3.91574,1.24894,2.74862
558,22.1895,0,0,1.33662,0,4.09038,4.05654,3.47598,3.16593,3.42791,1.56018,0,0.430035,0.0473602,0,3.94093,1.15556,2.72351
559,22.2294,0,0,1.34842,0,4.10331,4.11371,3.47193,3.15711,3.41019,1.59203,0.0327709,0.319894,0.0483025,0,3.97173,1.09426,2.75792
560,22.2692,0,0,1.363,0,4.07386,3.97306,3.51309,3.25602,3.41892,1.58242,0.0733316,0.178466,0.0520455,0,4.02825,1.01136,2.68434
561,22.309,0,0,1.36729,0,4.12768,4.1149,3.52783,3.23481,3.41472,1.58076,0.0733316,0.254757,0.0537961,0,3.94788,1.11949,2.73144
562,22.3489,0,0,1.35453,0,4.13686,4.08201,3.54568,3.22618,3.42636,1.55151,0.0405607,0.343644,0.0828942,0,3.89848,1.19374,2.71193
563,22.3887,0,0,1.3696,0,4.17975,4.19867,3.50536,3.17724,3.39527,1.62217,0.0142109,0.45404,0.0812052,0,3.87692,1.34226,2.78511
564,22.4285,0,0,1.35138,0,4.13604,4.05814,3.51804,3.18589,3.41298,1.61114,0.031016,0.346591,0.0512977,0,3.96397,1.29373,2.72817
565,22.4684,0,0,1.3714,0,4.1227,4.12371,3.49575,3.19548,3.40477,1.58123,0.031016,0.397414,0.0119673,0,3.95037,1.28422,2.74255
566,22.5082,0,0,1.35846,0,4.10111,4.09516,3.51163,3.19337,3.43227,1.53639,0.0250356,0.333607,0.00991332,0,3.98682,1.17698,2.68283
567,22.5481,0,0,1.36624,0,4.12885,4.20928,3.49748,3.19174,3.41402,1.51666,0.00823053,0.437506,0.00991332,0,3.93595,1.2061,2.72753
568,22.5879,0,0,1.32359,0,4.13382,4.10031,3.55348,3.16963,3.44092,1.56923,0.00823053,0.455723,0,0,3.94942,1.22247,2.65579
569,22.6277,0,0,1.31456,0,4.14923,4.14002,3.53489,3.10971,3.43374,1.56674,0.0429904,0.550822,0,0,3.90779,1.20036,2.70306
570,22.6676,0,0,1.33948,0,4.10086,4.05822,3.53837,3.14154,3.45803,1.60789,0.0724289,0.445099,0.00206147,0,3.97861,1.13182,2.6621
571,22.7074,0,0,1.387,0,4.10567,4.18274,3.49545,3.20581,3.4262,1.63706,0.107768,0.322747,0.014842,0,4.04366,1.07916,2.74552
572,22.7473,0,0,1.40294,0,4.09443,4.11069,3.5453,3.26814,3.43148,1.66005,0.0647778,0.209201,0.0167042,0,4.07309,1.1539,2.70116
573,22.7871,0,0,1.36505,0,4.15192,4.17023,3.53951,3.25053,3.40459,1.64538,0.0978097,0.213549,0.0146428,0,4.02375,1.1232,2.75044
574,22.8269,0,0,1.36814,0,4.11064,4.0492,3.53033,3.22359,3.42236,1.59087,0.0738029,0.227823,0.0018622,0,3.95258,1.18753,2.72648
575,22.8668,0,0,1.35766,0,4.13202,4.14214,3.49107,3.25627,3.41404,1.55314,0.0738029,0.34096,0.00334447,0,3.88838,1.13862,2.75958
576,22.9066,0,0,1.36442,0,4.10611,4.14869,3.50532,3.23852,3.42527,1.54674,0.0210179,0.35982,0.00334447,0,3.94924,1.20921,2.71848
577,22.9464,0,0,1.35322,0,4.13762,4.29004,3.52932,3.25516,3.41915,1.53651,0.0096855,0.508342,0.00334447,0,3.90313,1.20505,2.73664
578,22.9863,0,0,1.38149,0,4.12451,4.20667,3.53229,3.21402,3.42768,1.54828,0.0096855,0.502219,0.0151261,0,3.96048,1.19014,2.69856
579,23.0261,0,0,1.39636,0,4.13261,4.24934,3.51117,3.17402,3.41556,1.52454,0,0.606295,0.0151261,0,3.87063,1.21431,2.7589
580,23.066,0,0,1.41473,0,4.10458,4.21539,3.50137,3.14279,3.42382,1.54412,0.0222385,0.450192,0.0151261,0,3.92693,1.2061,2.72479
581,23.1058,0,0,1.39601,0,4.11095,4.2964,3.50361,3.13689,3.41808,1.52811,0.0222385,0.456583,0,0,3.86633,1.21409,2.76308
582,23.1456,0,0,1.39498,0,4.11052,4.1805,3.51637,3.17488,3.42859,1.55535,0.0222385,0.455317,0.0166074,0,3.91739,1.20087,2.70227
583,23.1855,0,0,1.37097,0,4.13838,4.26383,3.5043,3.13993,3.41632,1.54299,0,0.563634,0.0166074,0,3.90558,1.20682,2.75952
584,23.2253,0,0,1.37104,0,4.11511,4.20026,3.51305,3.16824,3.42562,1.57395,0.0230794,0.477688,0.0166074,0,3.97594,1.18508,2.71691
585,23.2651,0,0,1.35839,0,4.12491,4.30754,3.50224,3.19532,3.41692,1.54651,0.0230794,0.478239,0,0,3.9488,1.19613,2.75195
586,23.305,0,0,1.35261,0,4.1283,4.1497,3.52721,3.24685,3.43184,1.53446,0.0230794,0.446208,0.0341867,0,3.96167,1.14723,2.69445
587,23.3448,0,0,1.31768,0,4.14346,4.17081,3.49138,3.19607,3.42384,1.49164,0,0.521043,0.0341867,0,3.86669,1.19678,2.75033
588,23.3847,0,0,1.34361,0,4.09321,4.03157,3.48836,3.20856,3.4347,1.54702,0,0.407158,0.0525147,0,3.93675,1.14681,2.71875
589,23.4245,0,0,1.34862,0,4.0689,4.09366,3.46453,3.19481,3.42346,1.57363,0.0159865,0.283279,0.0430534,0,3.9675,1.11026,2.76576
590,23.4643,0,0,1.38217,0,4.06029,4.00285,3.50246,3.26448,3.4415,1.5973,0.0159865,0.217917,0.044527,0,4.00847,1.11928,2.72928
591,23.5042,0,0,1.36262,0,4.1114,4.1018,3.49577,3.22358,3.43168,1.57008,0.0399343,0.16236,0.0261991,0,3.97288,1.06624,2.76769
592,23.544,0,0,1.38517,0,4.10544,4.02024,3.52643,3.25698,3.43096,1.55061,0.0455291,0.182681,0.009707,0,3.95508,1.13541,2.73378
593,23.5838,0,0,1.38808,0,4.13095,4.09333,3.50935,3.26553,3.40418,1.56583,0.0843299,0.150481,0.0082334,0,3.99211,1.09024,2.76736
594,23.6237,0,0,1.39419,0,4.11282,4.06653,3.53015,3.25239,3.41276,1.56092,0.0721863,0.224012,0.0082334,0,3.9811,1.14813,2.72659
595,23.6635,0,0,1.36882,0,4.13534,4.17914,3.49934,3.24141,3.40774,1.56746,0.050605,0.427424,0,0,3.92637,1.18031,2.74397
596,23.7034,0,0,1.33653,0,4.13651,4.10917,3.53359,3.17945,3.43508,1.54304,0.0118042,0.542495,0.00652613,0,3.91549,1.19535,2.69309
597,23.7432,0,0,1.35474,0,4.12201,4.10305,3.51074,3.18237,3.39663,1.56318,0.0176067,0.554628,0.0392222,0,3.96465,1.23071,2.72612
598,23.783,0,0,1.34392,0,4.093,3.96898,3.52822,3.18601,3.41292,1.56566,0.0176067,0.354088,0.0427509,0,4.04963,1.20547,2.67862
599,23.8229,0,0,1.38774,0,4.06902,4.08676,3.51614,3.23725,3.3869,1.59574,0.0470551,0.238187,0.0487051,0,4.05505,1.22329,2.72311
600,23.8627,0,0,1.3592,0,4.0725,3.99434,3.5709,3.28571,3.42157,1.56179,0.0294484,0.1614,0.016009,0,4.0224,1.22286,2.69444
601,23.9025,0,0,1.37744,0,4.11973,4.10291,3.54419,3.29537,3.39559,1.58703,0.0873651,0.199191,0.0124803,0,4.0019,1.12939,2.76478
602,23.9424,0,0,1.37035,0,4.11162,3.99346,3.52872,3.24613,3.40837,1.5874,0.0579167,0.223709,0.0119457,0,3.983,1.08954,2.72728
603,23.9822,0,0,1.36366,0,4.13272,4.12956,3.47964,3.21963,3.40411,1.56814,0.0579167,0.370791,0.0119457,0,3.90578,1.0998,2.75355
604,24.0221,0,0,1.34227,0,4.11743,4.03788,3.52756,3.18479,3.4258,1.53365,0,0.460595,0.0148642,0,3.8674,1.1816,2.6916
605,24.0619,0,0,1.31692,0,4.12551,4.10433,3.49607,3.15839,3.42205,1.49294,0,0.554364,0.00291848,0,3.85041,1.24279,2.74742
606,24.1017,0,0,1.35722,0,4.12193,4.03954,3.49623,3.1554,3.4184,1.53673,0.0271025,0.487007,0.0240477,0,4.00866,1.17436,2.72851
607,24.1416,0,0,1.3728,0,4.12357,4.11935,3.47643,3.18016,3.40647,1.51698,0.0271025,0.480199,0.0211292,0,3.98707,1.19556,2.7666
608,24.1814,0,0,1.39777,0,4.0978,4.05588,3.51254,3.18917,3.4043,1.55519,0.0271025,0.36512,0.0211292,0,4.03091,1.21498,2.71067
609,24.2212,0,0,1.31648,0,4.11093,3.95538,3.53339,3.12798,3.41939,1.56248,0.0212917,0.364138,0.00385408,0,3.98686,1.20526,2.68554
610,24.2611,0,0,1.29118,0,4.11893,3.92604,3.54987,3.08267,3.42875,1.58424,0.0212917,0.346616,0.00385408,0,4.04098,1.2272,2.64909
611,24.3009,0,0,1.26952,0,4.1441,3.94383,3.51868,3.13638,3.41348,1.58791,0.0526301,0.326844,0.00963225,0,4.0921,1.16974,2.70067
612,24.3408,0,0,1.33933,0,4.10533,4.0407,3.53612,3.21475,3.42179,1.54317,0.0313384,0.214942,0.00577818,0,4.07275,1.17281,2.71681
613,24.3806,0,0,1.36767,0,4.08797,4.0784,3.51814,3.2788,3.39544,1.54998,0.0730457,0.145008,0.00577818,0,4.0523,1.13956,2.75876
614,24.4204,0,0,1.38402,0,4.06362,4.04013,3.56756,3.28629,3.41533,1.51427,0.0417073,0.14877,0.00617121,0,3.9907,1.12794,2.70191
615,24.4603,0,0,1.34312,0,4.116,4.11149,3.53801,3.30772,3.38406,1.56371,0.106955,0.261566,0.00617121,0,3.97351,1.14539,2.74583
616,24.5001,0,0,1.36404,0,4.11391,4.05348,3.55143,3.26797,3.41802,1.61251,0.0859071,0.27746,0.00617121,0,4.02019,1.15235,2.71292
617,24.5399,0,0,1.35343,0,4.1449,4.21207,3.51883,3.20718,3.39976,1.60752,0.0859071,0.388065,0,0,3.97048,1.16368,2.77216
618,24.5798,0,0,1.3731,0,4.13106,4.16767,3.52607,3.15889,3.42355,1.5661,0.0206599,0.445138,0.0203594,0,3.95229,1.19999,2.7315
619,24.6196,0,0,1.35956,0,4.14132,4.30553,3.50263,3.11975,3.40004,1.50672,0,0.523296,0.0203594,0,3.86179,1.17713,2.78905
620,24.6595,0,0,1.34315,0,4.09989,4.16525,3.52144,3.11936,3.40837,1.54104,0.00166404,0.446913,0.0264764,0,3.91484,1.13086,2.72675
621,24.6993,0,0,1.35004,0,4.08636,4.20405,3.5031,3.13685,3.40074,1.59663,0.0445121,0.340381,0.00611699,0,3.95103,1.08371,2.76926
622,24.7391,0,0,1.38586,0,4.06397,4.01654,3.54285,3.20984,3.41101,1.5937,0.0445121,0.194736,0.00611699,0,4.02566,1.11406,2.71861
623,24.779,0,0,1.4311,0,4.13018,4.10462,3.52536,3.27139,3.40255,1.59197,0.084743,0.202378,0,0,4.0454,1.13788,2.76957
624,24.8188,0,0,1.43283,0,4.12573,4.07314,3.55608,3.25353,3.41042,1.56513,0.048867,0.226578,0,0,4.01765,1.16361,2.72459
625,24.8586,0,0,1.39467,0,4.15394,4.20484,3.50451,3.20579,3.39687,1.56768,0.048867,0.357894,0,0,3.96747,1.14555,2.7548
626,24.8985,0,0,1.38205,0,4.10945,4.16587,3.50954,3.19846,3.41597,1.55471,0.0230883,0.331737,0,0,4.00443,1.1333,2.71433
627,24.9383,0,0,1.37051,0,4.12549,4.13791,3.52486,3.22008,3.40964,1.49123,0.0161162,0.329334,0,0,3.99381,1.1937,2.74445
628,24.9782,0,0,1.37454,0,4.09113,4.02292,3.54848,3.25882,3.41415,1.51001,0.0161162,0.232616,0,0,4.07484,1.15303,2.70537
629,25.018,0,0,1.3643,0,4.12208,4.02076,3.55099,3.2847,3.40982,1.53723,0.0521045,0.248054,0.0142163,0,4.09377,1.10903,2.76469
630,25.0578,0.0523971,0.343133,0.914696,0,3.03227,2.67517,2.35283,2.45074,2.96803,1.06796,0.0952973,0.22918,0.220678,0,3.76169,0.681612,1.8415
631,25.0977,0.0725423,0.629366,0.453331,0,1.97803,1.36584,1.17022,1.64448,2.53313,0.557982,0.0952973,0.227329,0.461936,0,3.41996,0.471609,0.953314
632,25.1375,0.0835955,0.994326,0,0,0.885823,0,0,0.852127,2.1087,0.0146383,0.0880733,0.240591,0.579433,0,2.99758,0.148244,0
633,25.1773,0.0998206,1.0007,0,0,0.903296,0,0,0.895444,2.14967,0.0146383,0.0733295,0.194086,0.558961,0,3.07558,0.262552,0
634,25.2172,0.0827803,1.02373,0,0,0.938547,0,0,0.950334,2.17851,0,0.0733295,0.135061,0.488952,0,3.04333,0.164764,0
635,25.257,0.0821712,1.01397,0,0,1.0047,0,0,0.932758,2.1956,0,0.028449,0.0313621,0.503571,0,3.0977,0.219205,0
636,25.2969,0.0355307,0.974015,0,0,1.04423,0,0,0.951249,2.18485,0,0,0.0116072,0.394929,0,3.06573,0.103622,0
637,25.3367,0.0455825,1.0047,0,0,1.06877,0,0,0.947683,2.18403,0,0,0,0.306665,0,3.07723,0.0577727,0
638,25.3765,0.0433142,0.970322,0,0,1.0724,0,0,0.988135,2.17554,0,0,0,0.225799,0,3.03308,0.00333107,0
639,25.4164,0.0509403,1.03248,0,0,1.07839,0,0,1.04138,2.15677,0,0,0,0.225747,0,2.97542,0,0
640,25.4562,0.0518151,1.04826,0,0,1.08033,0,0,1.05686,2.14346,0,0.00091605,0,0.249703,0,2.94577,0,0
641,25.496,0.0542571,1.06409,0,0.0210956,1.06689,0,0,1.07316,2.11951,0,0.00334674,0.0208729,0.297416,0,2.96964,0,0
642,25.5359,0.0246493,1.00962,0,0.0210956,1.047,0,0,1.02981,2.14619,0,0.00334674,0.0292518,0.357047,0,3.01981,0,0
643,25.5757,0.0154756,0.981384,0,0.0210956,1.02001,0,0,0.998429,2.17787,0,0.00243069,0.0292518,0.371858,0,3.04688,0.044738,0
644,25.6156,0.00485791,0.952956,0,0,0.990409,0,0,0.951653,2.21824,0,0,0.0103176,0.388359,0,3.05985,0.044738,0
645,25.6554,0.0108563,0.932439,0,0,0.989007,0,0,0.939567,2.21112,0,0,0.00383102,0.409698,0,3.01751,0.0526694,0
646,25.6952,0.00599837,0.908715,0,0,0.987676,0,0,0.918558,2.206,0,0,0.0129427,0.415863,0,3.00641,0.00793143,0
647,25.7351,0.00599837,0.906527,0,0.000374651,0.997269,0,0,0.926449,2.20571,0,0,0.0306871,0.432825,0,2.99446,0.0246606,0
648,25.7749,0.00511894,0.936407,0,0.000374651,0.988819,0,0,0.946458,2.22088,0,0,0.0348062,0.421346,0,3.04718,0.0842024,0
649,25.8147,0.00511894,0.925212,0,0.000374651,0.99664,0,0,0.960064,2.21194,0,0,0.0326429,0.435593,0,3.03746,0.13275,0
650,25.8546,0.00511894,0.910969,0,0.00253037,1.00632,0,0,0.930532,2.20761,0,0,0.0129598,0.418424,0,3.01392,0.116021,0
651,25.8944,0,0.862725,0,0.00253037,1.01952,0,0,0.90495,2.19549,0,0,0.00694833,0.43436,0,2.97701,0.0784636,0
652,25.9343,0,0.852704,0,0.00253037,1.01722,0,0,0.89015,2.19882,0,0,0.0134594,0.434637,0,2.98656,0.0299162,0
653,25.9741,0,0.868967,0,0,1.00787,0,0,0.932465,2.20933,0,0,0.0171962,0.435297,0,3.00678,0.0429485,0
654,26.0139,0.000802565,0.902696,0,0.00593131,0.991895,0,0,0.938638,2.20882,0,0,0.0250826,0.409764,0,3.0098,0.0460373,0
655,26.0538,0.000802565,0.887753,0,0.00593131,0.997069,0,0,0.949397,2.20633,0,0,0.0116232,0.407307,0,3.00101,0.0897451,0
656,26.0936,0.000802565,0.881041,0,0.00593131,0.999207,0,0,0.92083,2.1943,0,0,0.00788644,0.419233,0,2.97211,0.0767129,0
657,26.1334,0,0.868803,0,0,1.00739,0,0,0.916331,2.19725,0,0,0.0265283,0.438993,0,2.96555,0.0512806,0
658,26.1733,0,0.923901,0,0,0.994078,0,0,0.929386,2.20029,0,0,0.0389004,0.425527,0,2.95873,0.00757274,0
659,26.2131,0.002399,0.916468,0,0,0.995012,0,0,0.939946,2.19967,0,0,0.0389004,0.434346,0,2.97417,0.0230553,0
660,26.253,0.00514065,0.930328,0,0,0.990663,0,0,0.940417,2.19993,0,0,0.0231597,0.404281,0,2.97894,0.0154826,0
661,26.2928,0.00514065,0.904361,0,0,1.00881,0,0,0.934794,2.2011,0,0,0.0107876,0.433097,0,2.96873,0.0268519,0
662,26.3326,0.00274165,0.896806,0,0,1.01839,0,0,0.920201,2.19778,0,0,0.0202084,0.418441,0,2.96874,0.0123422,0
663,26.3725,0,0.902944,0,0.016991,1.02745,0,0,0.929254,2.19633,0,0,0.010405,0.444567,0,2.95871,0.0223548,0
664,26.4123,0.000360029,0.916308,0,0.016991,1.01333,0,0,0.938006,2.20921,0,0,0.010405,0.429216,0,3.01229,0.0481557,0
665,26.4521,0.000360029,0.956596,0,0.016991,1.00013,0,0,0.956262,2.22521,0,0,0.0141497,0.433824,0,3.02898,0.0764925,0
666,26.492,0.00813851,0.94591,0,0.0115698,0.996969,0,0,0.948252,2.21705,0,0,0.0194909,0.422091,0,3.02145,0.0664798,0
667,26.5318,0.00804417,0.966626,0,0.0133488,0.998208,0,0,0.954477,2.21873,0,0,0.0194909,0.421082,0,3.0055,0.0448525,0
668,26.5717,0.0108976,0.950524,0,0.0133488,0.996085,0,0,0.950563,2.20614,0,0,0.0133038,0.391957,0,2.98898,0.0155428,0
669,26.6115,0.00997073,0.937612,0,0.00177902,0.998796,0,0,0.951651,2.21303,0,0,0.00697835,0.408678,0,3.01191,0.0361195,0
670,26.6513,0.00970503,0.935923,0,0,0.996698,0,0,0.933513,2.20576,0,0,0.00697835,0.403395,0,3.00643,0.0636921,0
671,26.6912,0.00685163,0.923617,0,0,1.01312,0,0,0.939591,2.20475,0,0,0,0.448876,0,2.97581,0.0679381,0
672,26.731,0,0.893243,0,0.00626965,1.01043,0,0,0.931063,2.19398,0,0,0.0129994,0.404508,0,2.96905,0.0473614,0
673,26.7708,0,0.834498,0,0.00626965,1.03026,0,0,0.910439,2.18805,0,0,0.016787,0.429684,0,2.96953,0.0239321,0
674,26.8107,0,0.808607,0,0.0137958,1.01533,0,0,0.876308,2.18443,0,0,0.0333078,0.40938,0,3.00654,0.0196861,0
675,26.8505,0.000188796,0.861883,0,0.00752615,1.01736,0,0,0.889325,2.19907,0,0,0.0203084,0.459731,0,3.00403,0.0587736,0
676,26.8904,0.00370336,0.928761,0,0.00752615,0.994012,0,0,0.908679,2.19885,0,0,0.0303319,0.424885,0,3.00644,0.0390875,0
677,26.9302,0.00453513,0.954991,0,0,0.99608,0,0,0.935694,2.20248,0,0,0.0226601,0.428063,0,2.98282,0.0749601,0
678,26.97,0.00434634,0.937147,0,0,0.994638,0,0,0.931175,2.20014,0,0,0.0226601,0.410094,0,2.9855,0.044774,0
679,27.0099,0.000831768,0.906861,0,0,1.0051,0,0,0.926754,2.20397,0,0,0.00884895,0.448207,0,2.96802,0.044774,0
680,27.0497,0,0.916974,0,0,1.00229,0,0,0.922189,2.21475,0,0,0.0130554,0.42304,0,2.99627,0.00890138,0
681,27.0895,0,0.910788,0,0,1.00376,0,0,0.929157,2.21042,0,0,0.0130554,0.428549,0,3.00335,0.0442998,0
682,27.1294,0,0.904471,0,0,0.999763,0,0,0.924382,2.20793,0,0,0.020485,0.3908,0,3.01707,0.0442998,0
683,27.1692,0,0.904732,0,0,1.00536,0,0,0.936797,2.20278,0,0,0.0345152,0.423663,0,3.01039,0.0627485,0
684,27.2091,0,0.899861,0,0.00406558,0.997861,0,0,0.909906,2.20333,0,0,0.050219,0.393501,0,3.01132,0.0184487,0
685,27.2489,0.000626245,0.878634,0,0.00406558,1.0016,0,0,0.912486,2.19336,0,0,0.0517016,0.40405,0,2.99697,0.050206,0
686,27.2887,0.00258322,0.889098,0,0.00406558,0.998787,0,0,0.909234,2.19407,0,0,0.0266098,0.379904,0,2.99097,0.037399,0
687,27.3286,0.00258322,0.878145,0,0,1.01381,0,0,0.930489,2.19479,0,0,0.010906,0.422201,0,2.97562,0.0539564,0
688,27.3684,0.00195697,0.870626,0,0,1.01086,0,0,0.927197,2.20339,0,0,0.0174706,0.407738,0,2.99914,0.0221992,0
689,27.4082,0.00236867,0.880091,0,0.0100839,1.00996,0,0,0.921222,2.2016,0,0,0.0175432,0.44084,0,2.99578,0.0165574,0
690,27.4481,0.00236867,0.905153,0,0.0100839,0.989489,0,0,0.901474,2.20308,0,0,0.0267804,0.406266,0,3.00456,0,0
691,27.4879,0.00236867,0.901809,0,0.0100839,0.989215,0,0,0.904852,2.20445,0,0,0.0122374,0.427133,0,2.98737,0.059403,0
692,27.5278,0,0.871803,0,0,0.998126,0,0,0.893308,2.20476,0,0,0.0101709,0.407481,0,2.98175,0.0671715,0
693,27.5676,0,0.873422,0,0,1.00434,0,0,0.918561,2.20718,0,0,0.00309181,0.438939,0,2.9677,0.0854851,0
694,27.6074,0.0027471,0.924586,0,0,1.00163,0,0,0.937951,2.21906,0,0,0.0112477,0.444415,0,3.01755,0.0733421,0
695,27.6473,0.0027471,0.922261,0,0,1.00471,0,0,0.955851,2.21643,0,0,0.0112477,0.455564,0,2.98506,0.0655736,0
696,27.6871,0.0027471,0.933062,0,0,1.00518,0,0,0.94567,2.21507,0,0,0.0157886,0.427833,0,2.99688,0.04726,0
697,27.7269,0,0.892113,0,0,1.02035,0,0,0.921726,2.20827,0,0,0.00669902,0.432656,0,2.94146,0,0
698,27.7668,0,0.872767,0,0.00160167,1.00663,0,0,0.89834,2.19779,0,0,0.0201524,0.413738,0,2.99415,0,0
699,27.8066,0,0.834979,0,0.00160167,1.00871,0,0,0.900473,2.19865,0,0,0.0134534,0.44051,0,2.97555,0.0245743,0
700,27.8465,0,0.882896,0,0.00160167,0.995889,0,0,0.915464,2.20099,0,0,0.0203175,0.426684,0,2.99169,0.0667479,0
701,27.8863,0,0.878214,0,0,0.99536,0,0,0.931571,2.21448,0,0,0.00889182,0.434642,0,2.97372,0.116231,0
702,27.9261,0,0.901591,0,0.00108718,1.01032,0,0,0.92442,2.20964,0,0,0.00889182,0.413184,0,2.99614,0.0972716,0
703,27.966,0.00051691,0.877549,0,0.00108718,1.01995,0,0,0.915679,2.19959,0,0,0.0131707,0.422814,0,2.98738,0.0898946,0
704,28.0058,0.00051691,0.885178,0,0.00108718,1.03597,0,0,0.913377,2.20211,0,0,0.011143,0.430622,0,3.00252,0.0474397,0
705,28.0456,0.00517708,0.887408,0,0,1.02107,0,0,0.921416,2.20527,0,0,0.011143,0.435731,0,2.99478,0.0983769,0
706,28.0855,0.00466017,0.889275,0,0.000519569,1.01129,0,0,0.91495,2.21077,0,0,0.0158377,0.409221,0,2.99973,0.0635802,0
707,28.1253,0.00466017,0.902759,0,0.000519569,1.00184,0,0,0.917147,2.20078,0,0,0.0158377,0.425582,0,2.98705,0.079977,0
708,28.1652,0,0.885578,0,0.000519569,1.00923,0,0,0.913582,2.2003,0,0,0.0258298,0.421821,0,2.99602,0.0234253,0
709,28.205,0,0.88177,0,0,1.01435,0,0,0.925083,2.20025,0,0,0.0225749,0.463726,0,2.97864,0.046784,0
710,28.2448,0.00587143,0.894104,0,0,1.01173,0,0,0.920051,2.20518,0,0,0.0308608,0.413304,0,3.00399,0.0233586,0
711,28.2847,0.00587143,0.901446,0,0,1.00978,0,0,0.926046,2.19952,0,0,0.0283208,0.411686,0,2.98547,0.0831121,0
712,28.3245,0.00587143,0.891419,0,0,1.00648,0,0,0.90954,2.19391,0,0,0.0159042,0.386739,0,3.00028,0.0597535,0
713,28.3643,0,0.890165,0,0,1.00642,0,0,0.919169,2.19877,0,0,0.0207535,0.433144,0,2.99751,0.0811704,0
714,28.4042,0.00394381,0.907774,0,0,1.00371,0,0,0.916118,2.20495,0,0,0.0313402,0.405498,0,3.01303,0.0214169,0
715,28.444,0.00907787,0.910263,0,0,1.00123,0,0,0.938822,2.20629,0,0,0.031174,0.425288,0,3.01909,0.0420469,0
716,28.4839,0.00907787,0.89833,0,0,1.00192,0,0,0.923439,2.20148,0,0,0.0355677,0.392397,0,3.00062,0.02063,0
717,28.5237,0.00513405,0.864881,0,0,1.00953,0,0,0.923046,2.20143,0,0,0.0199183,0.424769,0,2.98632,0.0351879,0
718,28.5635,0,0.852547,0,0,1.01258,0,0,0.895818,2.19664,0,0,0.0416893,0.383568,0,2.97948,0.0145579,0
719,28.6034,0,0.834479,0,0,1.02833,0,0,0.901212,2.19549,0,0,0.0310996,0.406554,0,2.97884,0.0467622,0
720,28.6432,0,0.831973,0,0,1.01979,0,0,0.900313,2.19638,0,0,0.0302266,0.379992,0,3.00987,0.0322043,0
721,28.683,0.00264329,0.87778,0,0.0237912,1.01604,0,0,0.922934,2.20431,0,0,0.0149917,0.426418,0,2.99232,0.0444022,0
722,28.7229,0.00264329,0.916904,0,0.0237912,1.00011,0,0,0.939498,2.19989,0,0,0.00889179,0.404,0,3.01283,0.0121979,0
723,28.7627,0.00264329,0.957637,0,0.0499143,1.00202,0,0,0.93992,2.19641,0,0,0.00737533,0.425013,0,2.96618,0.0121979,0
724,28.8026,0,0.941508,0,0.0300679,1.01469,0,0,0.926166,2.19287,0,0,0.0107943,0.387601,0,2.98209,0,0
725,28.8424,0,0.918564,0,0.0300679,1.01944,0,0,0.909184,2.19703,0,0,0.0152768,0.412031,0,2.9521,0.044746,0
726,28.8822,0.0114314,0.906749,0,0.00394485,1.02339,0,0,0.915136,2.20077,0,0,0.0258663,0.408789,0,2.98342,0.044746,0
727,28.9221,0.0114314,0.909012,0,0.0152647,1.00429,0,0,0.928359,2.20066,0,0,0.0159111,0.420921,0,2.98572,0.0791093,0
728,28.9619,0.0114314,0.927728,0,0.0152647,0.994165,0,0,0.949453,2.21412,0,0,0.0105895,0.417417,0,3.02422,0.0786025,0
729,29.0017,0,0.91937,0,0.0152647,0.989128,0,0,0.947499,2.20697,0,0,0.00189691,0.423099,0,3.01197,0.1131,0
730,29.0416,0,0.891029,0,0,1.00676,0,0,0.93693,2.2078,0,0,0.0119762,0.392804,0,3.03146,0.0787365,0
731,29.0814,0,0.841798,0,0,1.02305,0,0,0.9116,2.19454,0,0,0.0185777,0.394842,0,2.99513,0.075528,0
732,29.1213,0.00214883,0.854405,0,0,1.02385,0,0,0.900804,2.20095,0,0,0.0166808,0.397554,0,3.00854,0.0445582,0
733,29.1611,0.00363086,0.879302,0,0,1.01228,0,0,0.904109,2.1989,0,0,0.00660153,0.448399,0,2.96923,0.0750456,0
734,29.2009,0.00693225,0.943176,0,0,0.989498,0,0,0.922784,2.19872,0,0,0.0180935,0.423317,0,2.9727,0.0340149,0
735,29.2408,0.00478342,0.926105,0,0,0.989649,0,0,0.926059,2.19152,0,0,0.0180935,0.427179,0,2.96346,0.0360419,0
736,29.2806,0.00330139,0.926697,0,0,1.00164,0,0,0.917288,2.18863,0,0,0.0230892,0.40408,0,2.98268,0.0055545,0
737,29.3204,0,0.910956,0,0,1.01296,0,0,0.914868,2.19373,0,0,0.0300373,0.434824,0,2.98325,0.0216899,0
738,29.3603,0,0.945479,0,0,1.00475,0,0,0.935423,2.21407,0,0,0.0452742,0.438433,0,3.01299,0.0688414,0
739,29.4001,0.000252716,0.921328,0,0,0.999163,0,0,0.948806,2.21604,0,0,0.0402785,0.441088,0,2.99968,0.0975137,0
740,29.44,0.000252716,0.905328,0,0,1.00121,0,0,0.939125,2.21575,0,0,0.0152369,0.418804,0,3.00205,0.0813783,0
741,29.4798,0.000252716,0.879923,0,0,1.01452,0,0,0.911017,2.20206,0,0,0.0047049,0.404489,0,2.97928,0.0691967,0
742,29.5196,0,0.875662,0,0,1.01515,0,0,0.897704,2.20406,0,0,0.00851847,0.405693,0,2.99505,0.040889,0
743,29.5595,0,0.885023,0,0,1.00868,0,0,0.892407,2.20359,0,0,0.00851847,0.439744,0,2.9833,0.0627837,0
744,29.5993,0,0.887987,0,0,0.997428,0,0,0.897163,2.20322,0,0,0.0117112,0.426532,0,2.98252,0.0222594,0
745,29.6391,0,0.895951,0,0,0.989947,0,0,0.90822,2.1949,0,0,0.00789763,0.439181,0,2.9726,0.0416968,0
746,29.679,0,0.884304,0,0,1.0025,0,0,0.896897,2.19071,0,0,0.00789763,0.403209,0,2.9922,0.0198021,0
747,29.7188,0.00462262,0.887665,0,0,1.00346,0,0,0.904197,2.18759,0,0,0,0.431118,0,2.98662,0.0370132,0
748,29.7587,0.00462262,0.895058,0,0,1.00226,0,0,0.899542,2.20125,0,0,0.00821962,0.395702,0,3.01271,0.0172111,0
749,29.7985,0.00462262,0.895704,0,0,0.997688,0,0,0.929778,2.20108,0,0,0.00821962,0.426747,0,3.01325,0.054701,0
750,29.8383,0,0.892739,0,0,1.00492,0,0,0.921233,2.20397,0,0,0.015157,0.405105,0,3.01552,0.0374898,0
751,29.8782,0,0.8909,0,0,1.01727,0,0,0.920419,2.19876,0,0,0.0187842,0.432132,0,2.98598,0.0641439,0
752,29.918,0,0.901184,0,0,1.02054,0,0,0.902769,2.19338,0,0,0.0215062,0.407659,0,2.98048,0.0382236,0
753,29.9578,0.00434115,0.912262,0,0,1.0137,0,0,0.914971,2.19383,0,0,0.0145688,0.434314,0,2.98963,0.0626594,0
754,29.9977,0.00434115,0.920962,0,0,1.00288,0,0,0.920897,2.20054,0,0,0.00738036,0.422249,0,3.00127,0.0871013,0
755,30.0375,0.00786244,0.905773,0,0,0.997241,0,0,0.928292,2.20029,0,0,0.00946566,0.422287,0,2.98244,0.101462,0
756,30.0774,0.0105639,0.85786,0,0,1.00546,0,0,0.925497,2.17909,0,0,0.0144219,0.408326,0,2.94276,0.0777893,0
